34679.0781,14884.8770,35.7816,72.0007,112.0588,86.2338,117.8621,105.0857,74.3256,247.6609,514.9041,1097.6716,1202.2179,554.0889,202.3357,144.4263,37.4056,39.2522,47.1859,30.0503,19.2485,67.0324,156.4366,179.3962,110.6940,91.8705,82.4795,49.1042,21.3382,28.3321,26.2215,179.2415,317.4357,386.9562,144.4223,152.1335,28.7758,17.4796,103.2965,51.4380,176.4449,147.8839,107.9257,85.3612,128.0666,91.7384,62.0119,125.4389,120.1185,30.6103,72.0575,61.3963,62.6597,106.1511,66.7879,100.2233,62.1468,82.5322,93.5557,211.0381,50.9282,174.9716,141.7483,174.6011,"suck"
34810.6797,15033.0947,128.2875,87.4292,42.5478,39.7309,111.7409,90.5437,76.8980,257.2269,1093.0767,1251.2980,1374.1941,609.6560,170.5081,83.9073,67.7527,149.0346,151.2497,126.1895,83.2880,203.8582,116.2900,85.1418,189.9805,35.0200,48.8166,24.9373,38.0511,70.6631,160.5513,146.1120,63.5227,280.9022,230.2363,146.3010,171.3297,116.4780,103.9124,97.4961,142.7933,101.2229,124.5254,89.0197,9.8305,115.6573,73.6470,72.0923,84.4361,45.9859,80.7427,121.0554,123.1873,23.5760,25.6865,56.2325,72.4447,58.1976,186.6910,251.7606,187.1579,200.1179,210.0766,218.5589,"suck"
34728.0352,14952.0420,188.1022,21.5717,66.6564,97.2692,25.1214,33.0049,76.9162,72.8268,265.4164,442.0392,1020.9526,625.6058,789.3436,391.6319,171.3211,100.4176,208.7720,279.0085,130.8209,44.3448,40.9063,101.1571,139.3400,37.0574,37.4678,42.6534,40.1795,55.8766,57.7519,288.7260,445.1185,539.3037,422.1609,278.3638,72.5810,71.0256,58.3142,51.1249,124.9928,110.9260,53.3835,101.7294,49.7344,130.5477,95.1594,115.7767,107.2908,49.5530,88.8431,88.1542,55.2148,23.6559,43.2445,92.6665,64.1423,111.6152,117.3422,35.5880,133.2729,138.3236,134.7647,181.5333,"suck"
34816.3320,15103.3467,252.1725,98.1916,73.6543,43.6459,44.6115,121.2361,130.6064,141.0964,42.8271,283.9790,583.2407,1315.6313,587.6252,122.9385,34.7674,157.2065,201.7006,100.9140,45.1824,9.0988,66.3451,114.5461,91.6146,109.1481,60.6089,32.9316,70.3105,145.1407,277.2598,234.4919,356.7211,518.2132,661.1241,409.2200,174.4197,102.3695,20.8723,91.2764,147.0802,90.4150,40.6246,32.5381,77.4462,74.3966,60.5009,130.9921,112.9130,313.6261,187.9053,94.4906,65.7583,80.8297,60.9564,89.8360,110.3745,137.4626,190.6650,131.1420,83.6778,207.2211,196.4518,131.0618,"suck"
34667.3047,14911.1992,101.5765,139.3907,25.1145,120.9064,71.0118,36.2564,153.7405,94.0282,313.5672,888.0925,1066.8481,407.7855,220.3838,235.5387,169.9986,35.0219,126.5274,142.3883,50.6911,147.4833,64.6556,79.3461,48.3977,65.3895,60.3715,76.6162,59.4415,174.0085,212.5359,258.1272,616.7490,543.1986,231.6562,121.6323,69.1951,129.1985,207.8853,114.3721,69.5776,90.3114,47.7310,121.7395,182.4526,45.5603,81.9122,113.6925,136.6612,110.5634,66.2477,34.6343,64.8237,49.6564,92.8722,95.7937,71.3376,43.1786,85.4792,137.0768,159.5107,246.7363,177.9735,215.3774,"suck"
34722.3438,14948.2822,117.5195,97.6148,40.9237,65.1965,92.2546,62.8201,39.7535,318.7440,833.8157,701.8217,605.5488,1232.4047,1226.6320,315.6430,98.3028,141.8477,15.5813,53.4535,100.7662,164.6644,226.8366,214.6118,68.9616,50.1828,74.2384,99.0052,127.8739,84.0184,260.2857,406.1474,204.2803,576.6829,595.3375,358.5288,134.5433,92.3266,78.1662,82.0345,53.9294,25.7532,135.9664,8.0564,138.8126,60.4594,35.2696,81.5429,101.6674,70.8934,93.4621,59.0571,45.9609,25.5713,73.1709,100.3514,38.1140,247.7212,173.8785,91.1591,192.4910,260.4366,107.2522,156.8924,"suck"
34625.1523,14850.4580,54.8416,175.3503,99.2628,42.2663,63.3420,48.5276,110.1671,474.0920,634.1194,447.6698,227.3423,440.0803,307.9634,697.3154,623.8104,431.1264,269.5122,61.4973,277.5238,292.5175,324.7513,192.6146,101.6666,62.4007,64.6907,25.2591,120.0100,97.9608,358.7567,371.3323,431.4846,723.4420,474.5999,126.8899,78.9229,56.6499,74.3846,167.2006,148.7328,174.4541,279.3967,192.1339,198.8791,183.3370,116.1783,177.8002,82.7929,137.0388,141.7583,65.5213,119.4833,156.7067,112.7974,105.9299,277.1962,242.9149,159.2184,102.0239,136.9597,192.9270,409.4818,485.5645,"suck"
34882.8125,15000.8271,124.6283,70.9595,412.5029,392.5215,356.2144,301.7738,602.4510,330.8640,97.3907,345.6653,382.9410,165.3272,329.9892,595.8378,467.3948,259.8669,410.5136,306.3243,32.9973,140.9532,133.2522,241.3402,289.6223,313.3228,131.2937,245.5823,130.2127,301.0301,262.3803,260.7758,592.6535,1480.2242,1127.1212,402.2877,267.5553,157.0336,106.1648,508.2129,798.1227,823.3298,460.8075,276.0080,419.1954,327.7936,124.0810,340.9764,521.8771,304.9505,122.0208,172.3507,280.0441,314.4286,157.0271,310.2477,380.5648,376.5777,384.4902,41.4868,309.4693,350.0898,206.8197,553.6599,"suck"
34271.7109,14816.3623,885.9241,324.8829,224.0940,226.1938,787.5673,836.6440,650.1633,721.6541,370.1201,525.2958,602.9547,977.0728,582.3094,367.5116,398.4518,346.3798,364.3385,347.6681,243.2057,432.3929,465.1774,361.3319,441.4815,511.4759,512.9348,426.1344,431.3697,274.3732,298.0273,589.9078,434.8640,36.4536,424.2710,584.3309,672.7390,349.9056,353.8797,319.1068,228.2896,774.4075,372.5211,784.2361,690.4151,358.9394,432.0390,284.2686,192.4018,186.0875,451.4073,629.2028,448.2123,299.6393,449.8866,163.6036,345.3165,597.4008,290.3953,1013.0848,478.4583,163.6415,152.5174,409.3802,"suck"
33715.3125,14263.2461,243.0650,92.0826,169.5502,335.7511,350.4973,177.5275,263.6971,619.3351,443.9264,328.2965,562.8927,364.7738,637.2054,469.1670,235.3019,463.6385,390.9691,231.9187,105.2053,306.9439,141.7254,324.1567,458.6986,93.3257,270.0608,395.3410,428.2177,236.7717,209.0149,334.1783,265.6787,183.9324,345.0036,445.6177,138.1356,258.7913,377.9785,313.4203,457.8862,562.2507,375.1354,331.8073,143.3062,131.8988,107.1456,272.4940,325.8550,106.1398,181.5325,199.9411,42.3484,63.8144,182.7666,96.6189,212.5144,259.6892,74.5474,320.8499,297.1520,198.9612,33.9393,501.1757,"suck"
35025.8438,15192.0176,126.0461,88.1986,38.2488,39.1514,52.3389,56.4393,135.9219,43.8372,115.5115,73.0963,12.8747,64.5306,99.0751,126.4825,53.8922,24.9979,192.8488,264.4990,483.9768,444.4201,158.0354,86.4233,263.1619,241.9164,102.3984,636.7754,516.0257,855.5287,496.3960,654.5721,837.9246,725.5719,405.4243,94.9062,80.2588,72.9934,119.7517,86.5193,287.4528,569.9867,243.7843,10.5953,87.5656,224.0960,166.7143,111.0345,137.8123,78.1800,140.5139,133.9231,165.1541,222.4210,93.0846,365.5041,271.4250,82.7266,160.1894,36.6788,209.3696,640.4898,587.9681,131.5528,"suck"
35102.4258,15218.9082,188.3614,116.2796,203.3320,107.8616,70.2632,168.1536,162.6854,305.5739,422.3319,250.8962,38.8082,80.9093,210.2598,205.7523,95.9044,78.6523,34.2902,237.7214,896.2666,914.9041,308.2896,80.7210,121.0089,153.3638,183.6372,558.8643,613.6526,681.6874,390.6443,1136.5162,772.9797,683.6981,677.1025,244.0974,195.0678,348.0934,294.0143,330.0651,429.2911,93.7655,197.1021,211.9340,119.6982,197.1816,250.8077,38.4251,211.9466,136.5531,575.1896,564.2903,129.1188,146.7295,215.1283,181.7612,94.7309,255.1127,269.7435,99.8688,508.3061,785.6356,801.9683,770.2430,"suck"
34748.2031,15037.8525,110.8247,469.9055,349.5187,297.4223,340.5134,290.3347,303.5696,504.4747,390.2490,87.6212,295.1599,317.5215,106.2567,115.0937,164.9271,113.0230,100.3605,433.0340,1300.0909,1090.9679,250.0007,286.3484,281.2525,201.4651,239.3860,600.0815,715.1722,769.0632,681.8351,471.1465,833.7610,679.5836,562.2684,275.2245,364.4138,312.8667,236.2707,278.4579,191.3287,497.5530,610.2145,369.6597,286.7984,625.0954,649.1612,388.7726,205.9949,178.7511,157.7245,172.4006,175.9381,208.3311,272.2779,24.2792,311.7057,374.3958,426.5672,242.1717,49.4634,231.7705,182.1563,343.3866,"suck"
34989.0938,14954.2080,40.0798,115.4113,102.3540,107.3295,398.1544,383.6285,81.3904,238.7856,177.9886,137.4644,81.9081,152.2569,228.7443,188.7689,147.7704,139.3798,88.9018,310.3552,716.3664,539.2811,172.3213,160.8724,143.6059,90.7276,74.5954,523.9335,404.6894,579.2231,362.9636,761.3181,614.9866,984.6080,995.5931,275.6093,35.8637,260.8303,274.3750,151.2496,329.8157,392.9456,215.6457,166.0934,232.3594,218.9854,55.1903,148.3762,100.8048,199.8449,57.7819,170.2962,98.4212,117.9548,90.4547,34.1217,147.8792,477.6320,481.3098,323.5883,311.0726,345.9383,125.7383,39.2302,"suck"
34924.4844,15130.2100,255.1662,186.1380,237.7157,123.1303,90.7303,93.4811,140.5889,230.5879,238.5533,197.7810,96.4065,138.3816,107.1563,51.0422,254.2962,598.9347,413.1216,72.7324,167.3020,79.5833,190.1604,175.5086,155.1121,32.8018,83.3214,550.6861,1074.5018,928.3842,404.7190,692.9689,845.3284,942.0244,858.1678,487.3099,421.0285,266.4657,181.8773,667.1145,670.4716,786.3966,345.8311,54.4996,131.7973,124.7788,354.4518,334.5519,332.0757,284.4497,113.4893,184.6028,298.8720,393.5954,203.9910,330.5340,44.8783,227.9212,286.6146,244.9039,206.8412,317.1398,435.5891,611.1530,"suck"
35084.2891,15277.4561,242.8239,186.6894,120.9125,181.8217,50.8009,100.3340,43.5999,38.9369,87.7574,29.1568,165.6971,298.1989,347.6276,153.2550,242.1435,211.9540,179.2883,243.5135,1250.5579,1084.0994,264.6924,330.1768,214.0702,274.3939,290.2704,711.9482,319.8383,932.1569,498.1632,972.4621,1191.8096,455.0480,170.1609,93.2751,157.2969,370.8933,393.2835,356.1167,396.8203,339.2084,255.3528,130.0037,126.3646,309.4088,515.9373,135.3428,193.4008,340.1238,261.7676,124.9150,171.4979,183.8407,208.9973,191.5662,149.9051,242.0761,322.4914,270.8461,270.5350,356.7169,502.8243,366.1821,"suck"
35065.6055,15087.2871,66.3469,73.9725,71.7887,340.3365,229.7408,42.9954,153.2697,161.5269,138.9799,226.2703,102.8684,95.0916,179.7901,330.6039,296.2682,397.7221,467.8185,552.8660,1458.1434,747.3231,318.7944,279.7127,539.2803,455.0671,209.9590,385.8561,714.8073,994.7047,254.3709,877.6610,850.0781,715.8930,770.4620,442.2975,197.0106,125.6716,241.6413,216.9155,216.1535,348.3069,402.1022,290.6525,283.5646,140.7478,280.0992,188.3795,62.3181,100.1600,93.8417,146.0023,310.4757,262.3829,110.2989,250.3217,361.8539,621.3706,527.9783,202.5621,490.9877,515.6281,301.5316,232.2345,"suck"
34748.9219,15080.6211,273.8372,236.8651,149.6801,97.5571,177.4072,54.0021,240.4315,198.6166,101.3659,171.0733,163.5159,129.0302,119.7497,232.4866,302.6852,370.5999,468.9803,448.9464,1362.1981,854.4134,180.5408,75.3286,251.8214,206.6243,14.0324,560.7004,404.0362,868.5101,47.2764,982.2234,1037.3457,1224.0304,463.8924,484.3345,315.3469,204.7332,373.3992,423.2144,279.6133,392.5928,321.9632,304.5541,177.3938,136.5112,163.1156,362.9915,503.1603,409.3971,201.8045,257.2136,369.4258,198.7748,191.7436,87.6361,30.3860,86.7846,287.8388,344.9302,202.3831,210.5550,189.1461,381.0003,"suck"
34569.9180,14943.1533,240.6740,43.9677,193.6759,191.1443,217.5349,127.0111,334.6895,427.6942,258.3231,203.4701,145.0437,135.7060,234.7691,348.1277,228.4380,216.0034,143.8016,206.9667,516.0369,638.2852,306.4923,288.1864,235.7292,180.9683,233.1197,842.9804,479.1980,729.0745,510.2845,1277.8030,1201.1577,819.3987,1242.8260,425.8973,156.2501,189.3353,229.5650,234.3456,293.8987,623.4465,238.1315,180.7701,170.8019,178.0195,355.3625,241.4909,271.2346,269.5826,97.0369,184.4328,341.1942,421.2981,493.7397,193.3524,356.5161,66.5872,456.3705,371.7961,280.6517,456.4267,355.0722,391.7971,"suck"
34825.8672,15095.9541,447.1549,455.7882,369.6974,243.4077,312.2412,151.6553,234.4035,219.3687,181.9594,168.2377,218.0369,363.4389,331.9845,313.0198,34.5687,776.5630,633.8568,140.4027,200.5529,498.6899,474.3661,256.7592,101.9715,207.4960,132.8464,597.6572,543.6395,535.0508,216.9599,980.8041,796.4662,513.9221,473.5905,44.4854,293.3973,363.1701,450.0126,647.4156,47.9677,500.3702,181.4712,394.8758,549.5922,744.9731,440.1958,197.7941,274.1454,212.2571,436.1098,218.7555,278.4592,235.6088,439.7427,458.7244,261.8081,384.6875,260.0996,431.2329,209.9617,329.5396,85.9018,198.1508,"suck"
34856.4297,15006.1230,133.4821,31.1024,58.6351,9.6020,5.8054,35.6742,19.8879,38.4668,77.6701,107.3519,61.3196,82.3902,72.1951,43.9856,21.9483,11.8222,677.8063,2041.0674,1161.9337,64.0213,10.9771,0.8371,12.2581,51.3119,630.1309,1221.8802,1262.0236,593.4394,497.6130,1244.1571,1367.5408,1057.6713,191.6223,71.6799,6.0762,2.4643,110.4370,55.8089,9.1509,16.4464,15.0497,87.5211,68.4053,19.4383,25.2871,73.8670,100.8864,15.2673,35.9324,65.6832,27.5423,51.0841,87.4788,13.2907,47.7464,58.5213,66.5830,46.3818,37.3825,77.9254,144.5837,120.8740,"suck"
35239.6719,15231.2383,62.2100,201.9730,48.3806,27.9496,87.8477,21.2431,136.2606,55.7866,111.5581,11.0853,70.6700,191.4673,66.2359,70.1115,101.8894,190.2458,710.7789,1822.6914,1102.9099,161.1069,47.2118,85.0696,132.0542,44.7576,663.0128,1399.1914,1396.5052,542.3361,437.4468,1045.3638,670.3536,1101.3400,237.7190,96.2218,51.6779,19.0936,55.7187,68.7774,36.8550,35.4479,100.7809,130.3794,201.6988,50.9315,95.3052,82.6339,157.9428,147.8292,175.2608,157.6060,55.7854,70.0710,116.9014,106.2828,187.7753,173.0245,172.4214,164.3637,77.7944,78.4051,79.2880,88.9846,"suck"
34915.7070,15093.2188,126.2920,119.6004,161.1855,150.8176,114.0591,240.2790,186.7855,194.7990,266.9929,239.9794,287.8475,260.8274,293.9106,184.8616,129.6881,104.5067,319.5161,594.8192,276.8273,69.1788,288.9887,138.1660,137.8795,118.1439,750.7173,1492.4877,1420.9285,613.9089,688.3247,1215.8628,1088.9205,936.3286,3.8611,232.0243,178.2206,115.4163,230.4361,89.6255,53.3110,135.2894,239.5426,237.3229,244.0455,125.2098,144.2696,129.6939,30.0887,75.0952,158.2138,168.9819,135.9187,218.5995,226.5228,306.6495,353.1821,235.3407,275.7503,139.7548,101.2456,70.1232,194.5689,104.0280,"suck"
34838.7344,15074.2168,130.8584,194.9597,100.6608,45.9924,126.7810,77.7574,153.9418,143.5688,36.6411,121.8874,237.3374,307.9140,341.9027,256.1539,62.4895,72.4398,304.9532,777.2654,616.2267,247.6143,123.9712,180.8793,232.9737,230.8431,548.9023,1327.3448,1250.3049,392.2590,357.9436,1105.3961,1407.4827,1014.3565,293.2094,78.4886,108.4620,138.2997,315.1418,142.0211,75.9291,150.3676,45.4294,274.7773,268.3226,25.4616,162.5501,181.0372,72.0111,155.3513,113.4695,215.5213,119.9156,201.6793,294.5226,23.8558,208.2545,212.3381,185.5949,113.2799,81.4627,163.9971,268.6570,357.2563,"suck"
34949.3438,15028.3145,218.0385,169.3528,293.0347,237.4537,84.0061,132.6973,101.4468,131.5535,197.0714,208.3529,163.0839,70.6852,185.0225,279.0528,228.6550,40.3281,410.7570,923.0908,466.8909,265.5723,76.6384,259.6374,71.3379,168.3529,548.3472,748.5142,803.4969,499.3588,281.9741,1269.5254,1682.5039,1539.9117,368.3414,55.7522,80.8562,116.9873,72.9112,60.8590,105.0172,143.2890,209.5228,242.7135,162.4415,75.2976,39.6024,166.6697,74.4118,106.1280,194.4115,280.8029,127.6125,228.1760,198.2127,65.0317,145.7148,154.2678,230.7700,105.0177,113.8571,155.7511,121.2257,225.9735,"suck"
34970.5234,15129.8975,242.6171,211.8442,69.8688,156.6318,78.6043,162.3020,256.5162,157.1287,70.4710,322.2819,278.3452,211.4974,342.6043,273.9898,125.8052,67.3506,484.3793,775.7711,464.2827,222.9317,111.1866,61.1177,196.7216,165.1267,662.9678,1428.8126,1342.4309,476.5318,656.4933,1661.5630,1598.5409,780.0118,251.9411,243.6629,220.9473,181.3477,187.9286,236.2304,167.0378,216.5764,103.1886,117.2490,293.9128,310.6709,24.1501,121.0899,133.3028,54.1014,133.3727,21.1678,277.7878,307.7979,172.4631,188.3974,245.5158,256.6713,347.5670,111.1994,201.7539,100.5077,32.1236,212.9984,"suck"
34758.6133,15072.2344,550.4750,309.1826,85.6359,171.9736,172.9996,243.2572,127.1965,101.8394,298.6801,351.2838,115.5825,174.8846,333.1988,340.2263,283.9333,334.2035,622.0057,1011.3112,646.6241,113.7554,113.0842,223.6664,232.6327,183.0218,621.7364,1161.1315,1225.5278,674.7120,568.6060,1207.8336,1223.6023,866.8306,171.7322,65.8119,131.6452,42.4650,151.3740,134.1840,139.9323,96.7605,106.6572,221.4321,45.8350,282.5995,117.4899,85.4058,113.2311,137.8236,73.8247,104.3691,134.8884,35.9124,134.9571,256.3251,258.9539,173.0534,86.4269,58.1852,53.2226,41.0574,87.8176,48.4651,"suck"
35162.8750,15312.5078,422.7126,46.5096,107.4125,109.2836,114.9277,214.8462,189.3178,205.9218,34.7473,272.0764,349.4353,341.1228,219.7698,99.8172,171.8022,324.3605,232.7309,186.9534,72.4478,290.0673,178.9792,94.8525,125.2370,181.3813,907.5281,1573.3890,1285.8829,452.1710,253.8428,1033.3967,1051.3756,928.2400,177.6785,108.0545,137.1516,88.8134,154.3057,122.6370,199.5370,365.2991,210.2561,89.7470,180.2677,338.0488,173.9252,172.2769,171.7687,37.3823,74.2649,72.8404,189.3017,199.5409,213.9778,129.9661,130.4146,159.1430,174.8377,126.1958,274.2571,449.4808,241.6452,221.7210,"suck"
34769.4609,14757.7031,202.7345,420.2616,421.2093,92.3200,74.5164,280.7204,636.8736,442.6191,798.5687,921.9975,314.3714,177.3899,149.5446,413.9994,739.8983,486.6003,841.6716,1520.6453,592.3708,442.0562,50.6747,314.9968,276.8503,428.4649,410.0429,1344.9340,1676.4116,790.8455,572.1362,1105.2382,416.3851,1084.4260,162.6464,266.1869,37.4997,254.5992,272.9983,266.2237,278.0845,209.2595,183.3189,578.2802,537.7834,349.2619,141.4654,231.0680,273.9844,195.4299,49.1736,55.0189,181.8776,330.0350,131.6580,310.7996,122.6134,405.5125,248.5376,702.0803,817.2258,293.7424,313.6202,233.4687,"suck"
35927.8086,15843.4775,326.9170,361.1611,707.8253,860.8141,338.8788,813.3256,777.5862,720.5701,791.0929,688.8486,520.3896,524.2353,210.2372,334.6274,248.8247,463.1263,978.4394,2456.2627,1663.9421,371.0824,42.4938,276.8671,459.2784,452.6902,1228.7010,1018.4075,918.5061,569.0937,800.0274,1524.9614,920.7418,1301.7388,741.0043,713.0541,764.4160,440.0525,255.1223,378.3501,254.5142,91.7893,380.0378,528.6131,895.5132,661.8868,160.8496,168.5708,149.1003,260.7355,138.7490,91.8015,115.4559,169.7379,130.0234,65.6265,658.9424,800.8654,444.5509,383.9582,673.4504,583.0466,1043.8679,815.4000,"suck"
35546.4961,15606.2617,990.8979,416.7064,218.3479,132.2002,445.4569,254.3191,502.2210,660.0128,815.2389,1614.0582,713.4542,685.3091,970.3835,1139.5924,788.5073,521.2813,1332.2583,2542.3394,1237.1923,600.2505,1002.9031,813.1343,507.9678,462.0580,702.0436,831.6265,666.8292,641.4056,908.4431,1541.5892,1534.7727,1153.9574,341.5124,906.8881,907.5879,242.3298,881.4207,1092.3116,569.0593,556.6413,608.4982,869.0925,926.4149,883.2682,697.1374,282.9410,149.3827,94.3849,378.1635,370.3971,537.2222,545.3701,99.8068,139.4922,535.5494,567.4981,158.6449,1045.4417,995.7709,752.3068,540.5336,223.5440,"suck"
35034.5820,15147.5391,574.6786,242.5762,503.1524,430.6391,532.1332,391.9702,1096.1680,1562.7021,1487.5392,434.7893,1074.2524,786.2679,217.8135,365.4614,58.3388,298.3275,744.6517,1766.8529,841.4846,635.5533,753.1523,289.5921,337.1115,275.5927,67.9522,912.3974,1089.5469,811.3474,275.2585,943.6038,1443.0765,915.1329,543.0295,660.2326,922.1498,756.2318,247.5312,370.2303,149.5891,196.2822,452.8501,809.9971,922.2352,740.8378,738.9746,513.9294,538.6810,1193.4399,1118.0016,662.0890,55.0736,409.2065,30.0436,282.5183,29.5013,318.3421,794.2020,879.2588,833.9471,480.4976,241.5983,548.3356,"suck"
34764.6758,14917.0303,583.9136,703.0777,368.8267,166.0452,300.2079,536.0040,161.4954,258.5463,400.6010,200.3377,179.5771,153.4587,182.9593,54.2407,182.0888,490.6627,759.5028,1643.5236,1110.8536,563.9379,422.6104,297.7483,185.7484,121.5770,595.9190,1044.6133,1106.3948,794.8398,905.8337,1187.6586,886.8163,1208.3727,530.9039,487.0481,418.5349,129.3447,243.4058,220.9524,385.2031,349.3454,270.1447,723.4554,698.1808,496.2258,453.4868,673.9370,647.6718,411.2406,102.9825,90.7339,182.9966,363.8636,265.6455,204.4587,147.4277,431.6022,90.3655,361.7981,389.1457,535.8649,469.3313,347.9960,"suck"
35434.1328,16213.9424,1342.9395,485.9236,898.9132,1000.1403,59.2171,561.5837,478.1790,788.6935,1107.2855,152.9505,506.9502,111.3950,333.8184,502.2068,426.4261,122.4970,767.0769,1658.3359,428.6660,754.5743,580.5909,434.8896,495.4226,323.2496,673.5135,1356.6783,1517.0554,1210.3855,846.2292,1115.6815,403.3917,321.5193,108.6730,732.6539,243.3605,413.9970,607.3912,509.3739,967.1447,1200.6552,1044.7029,786.7193,636.3790,436.3029,484.4661,536.1732,1154.0543,624.3884,356.4626,1001.3113,962.4113,893.9277,343.6163,347.9311,787.8138,955.5398,572.6265,148.4094,1044.4910,318.5910,1477.7377,1193.1665,"suck"
34125.1367,14666.6699,640.2875,255.3281,261.3123,199.4454,654.7570,906.7081,752.9388,496.2643,260.2572,115.6343,410.8134,751.1206,657.9031,811.9586,550.9900,115.5210,985.8545,1998.9039,845.4346,119.5158,481.4774,1569.4022,1544.3832,992.5649,708.5439,725.5859,609.8425,598.6317,26.6590,99.9471,1125.6864,1037.9097,667.5809,783.3500,460.5041,622.9198,142.2970,986.6176,861.1520,883.2035,1394.2026,1096.4875,236.9242,686.6395,625.4593,340.8564,1008.8543,842.4771,551.5308,378.8931,417.7896,398.7111,668.3583,670.0837,991.0059,1245.9070,1362.5514,1318.4586,1309.6819,645.5316,1118.2412,635.5716,"suck"
33831.1758,14633.1982,633.1716,827.2764,470.7140,1075.7754,1545.7034,1241.4749,712.0347,861.8216,816.8174,513.9092,995.6161,840.2658,522.3610,820.9240,547.7547,1034.2372,1001.3834,1440.8712,657.4306,513.5320,932.4355,758.6244,565.6738,418.1534,266.8784,717.6367,1053.4932,343.8656,829.8312,1064.0487,1256.6997,1264.2562,360.2751,424.1347,348.3696,66.3583,737.9946,551.3071,484.2786,541.4079,978.7081,1233.7863,1452.2148,1038.3933,905.5797,648.4706,543.6118,377.7101,525.2471,1430.9816,564.8057,81.7788,156.8912,323.3502,287.4139,493.8544,756.7174,539.9233,645.7402,488.0421,871.1052,942.5871,"suck"
36034.9688,15290.8682,596.0600,1672.9709,909.2895,182.0266,285.2655,576.6574,1415.9821,1720.1710,1137.9873,1703.0864,1491.4309,1144.4238,215.6733,522.5684,572.6016,498.3058,551.8894,540.5361,341.5966,283.7821,596.8519,1395.6182,940.1639,527.9405,269.4263,669.9841,968.3824,917.8235,404.6956,1571.5447,2097.5154,980.7764,319.7700,233.0207,915.7911,1077.2844,487.8301,63.4046,355.7137,81.4941,544.8494,615.4773,416.8676,1242.4270,1233.8558,506.2739,892.7580,1427.9178,1322.4343,1769.5034,845.4345,551.5908,406.2920,229.5771,996.2025,641.8206,1156.1553,1579.3610,573.9298,1101.6249,2522.5532,2262.7397,"suck"
34579.9375,15011.2881,401.8776,295.4840,428.9202,214.3682,236.9242,262.1826,302.6953,115.9610,266.8185,389.6922,183.6542,100.7062,359.6578,154.6700,279.1570,566.2370,600.4539,653.0413,339.4588,294.4982,51.4225,269.7291,206.7748,428.2137,1200.4888,1320.6570,450.3298,280.5999,933.7527,955.2403,1126.2257,345.7603,704.0375,594.0811,77.3207,297.2715,286.7630,171.9535,149.8076,151.1478,356.7560,477.1278,282.4174,198.8620,283.7221,108.0588,92.9613,65.2417,64.4488,243.5780,445.4277,260.2256,197.9897,198.9340,18.6525,244.8878,478.1212,464.5790,509.0183,364.7840,437.2821,605.1358,"suck"
35350.9336,15153.7383,45.4238,192.8550,267.3657,353.8968,402.9239,330.5703,96.6146,277.8713,63.7126,110.3207,56.5488,24.9391,274.5367,161.2410,102.9976,682.8612,1003.2816,456.9090,466.8073,611.3812,98.4556,101.2562,127.7084,702.5405,514.1086,692.0037,592.0303,243.9164,716.4499,1438.1007,1625.5828,802.5789,254.7434,270.2428,323.6271,300.3324,113.9976,48.4772,299.5043,194.6155,85.9835,289.6633,229.8884,322.9583,236.4725,87.9829,76.2366,87.4667,105.8025,30.9944,62.9368,234.0510,296.3410,431.8315,396.7795,298.0199,177.1348,549.0201,876.5283,240.5349,262.9608,536.1398,"suck"
34821.6055,14927.8555,317.5819,388.9592,318.0585,255.8554,272.1612,26.3250,220.5257,198.1955,287.4243,301.5842,216.1857,200.1920,211.7614,44.5729,268.6317,722.6558,605.1115,424.8314,316.6784,168.7678,230.7355,371.1601,422.2985,801.1505,737.7649,504.6107,337.8770,279.0066,727.3074,824.3528,1255.2255,252.0599,116.5038,305.2120,356.3021,419.2070,465.4197,381.6418,139.3021,273.6055,233.0315,89.9993,183.8895,84.6225,261.1399,242.0177,58.2666,198.0085,497.5437,421.1909,419.7139,436.4072,616.2593,426.5368,492.6008,227.4565,198.6182,318.1096,899.2275,1022.5866,503.8112,585.3154,"suck"
34914.6523,15038.2793,88.4501,280.7256,123.8434,116.9545,389.2517,480.0501,375.8944,130.6914,193.8281,261.7195,212.3865,508.4345,852.6870,348.4123,383.6205,1230.8182,1419.7426,445.4485,154.0361,242.2808,123.6676,54.0252,73.5707,354.9080,1365.7357,1478.9845,675.0757,501.7440,808.4582,1081.9180,663.2322,463.1618,514.0065,107.6856,283.3393,268.5589,260.7109,264.8831,58.9641,54.9940,170.7360,58.0702,134.7452,238.3801,161.9325,281.5278,154.3472,119.9410,208.3654,184.5673,217.8280,105.3597,237.5892,246.8758,772.3815,612.8607,144.0384,775.7934,629.9268,331.3547,195.3545,345.4298,"suck"
35083.3555,15149.8926,303.7197,232.0847,325.9183,346.4306,132.0714,287.7816,429.8298,289.1108,249.7058,420.2544,131.0127,257.5171,168.7729,115.4197,291.8030,1092.1042,1142.8401,776.4121,432.9801,350.5366,507.2101,272.9450,254.4292,664.9985,1508.5543,1173.7217,256.2660,393.2264,860.5207,1063.6227,785.0593,380.8985,715.0588,642.6899,436.9338,13.0068,37.8212,80.8782,279.8773,414.5546,350.1545,351.1405,384.7510,344.5579,86.4679,251.0763,189.5196,100.4650,127.0170,112.7886,85.9071,476.2256,643.5156,267.0575,53.0383,200.7137,129.9392,189.5472,294.3656,416.2829,393.3673,151.7685,"suck"
35127.2461,15216.9082,86.3214,500.3480,239.0759,42.7353,195.2209,235.5515,597.4326,622.3218,495.3581,359.9198,338.2542,512.4522,592.7903,389.4838,335.6033,1179.3601,1254.1261,537.9738,246.6767,424.0667,342.0794,236.5426,195.7794,588.2768,1340.9015,1396.1643,725.3286,487.1469,916.6334,1642.4277,1797.8835,1166.2720,427.3293,453.5506,792.4318,737.2169,552.0451,390.2414,184.8220,161.8477,273.0701,186.7017,230.1385,339.6534,320.6790,33.1087,338.9758,299.2056,185.5046,249.7224,86.9194,290.6210,370.2987,223.1528,292.7911,84.7532,92.7403,302.8518,249.1943,81.9307,56.6001,191.1592,"suck"
35154.3906,15378.5830,453.4409,757.2706,240.3634,557.5472,327.7292,99.8813,404.6213,479.4832,347.8120,54.5865,213.6234,296.8462,158.8707,322.6875,518.9318,1427.9720,1177.6678,158.0001,142.5348,494.5393,606.1637,478.9244,476.0876,147.1906,1187.3391,1317.0007,481.5045,218.0605,1052.3328,1529.7251,1092.6179,1041.1770,1217.0892,643.0451,273.0011,453.1556,558.8061,186.2752,142.3100,340.4694,441.3696,174.2616,103.1700,58.9649,51.3064,145.9316,211.4506,449.2770,557.6550,436.8211,303.9345,296.3362,590.5497,463.9441,335.3919,266.1220,439.8685,763.6097,683.4736,118.1281,377.6761,249.7619,"suck"
34873.7500,14896.8965,495.6780,633.3151,477.9410,193.0512,138.7926,325.4715,187.7162,147.2278,335.5597,375.9123,56.0628,345.5305,513.7856,409.0543,265.7828,513.0112,352.0865,481.9301,283.2138,580.4185,472.5684,320.8722,206.3097,494.0945,802.9664,1221.7325,811.8795,445.7005,1326.9550,1558.9847,925.1667,340.3895,504.7009,434.5172,410.9184,341.6620,337.6740,138.5027,71.2613,219.9520,310.9148,175.5673,257.5009,84.7261,45.9476,244.9164,178.4384,76.8125,84.6009,331.5085,302.5866,476.6477,531.8314,278.4582,228.8792,268.0806,386.3305,1082.4330,369.3871,456.0113,187.2732,302.1592,"suck"
35012.8633,15016.2998,133.0556,427.5954,401.1552,80.0207,155.2653,201.9678,199.4348,556.7769,456.6384,245.3073,537.3774,500.0163,257.5060,51.3823,351.0111,1169.3048,1537.9529,375.6803,503.9154,538.8906,546.6070,207.9495,87.5626,361.1710,1012.2835,956.1314,489.0558,323.4274,979.5872,772.7354,867.3724,398.0240,445.4824,663.2957,560.2713,794.0863,2285.0339,2744.3813,634.6368,222.6738,141.5171,515.3249,202.8151,333.0582,26.4479,207.1261,193.6267,182.7236,669.4159,360.9607,335.3639,174.9320,331.0369,438.8006,187.1716,396.8051,445.6726,141.4063,394.3120,554.5581,366.2496,299.0096,"suck"
35742.3633,15567.7256,409.0529,138.6713,195.4682,448.8410,512.4550,269.4063,260.7033,320.8423,449.4929,917.8312,753.9795,378.3145,121.7598,833.1291,496.7838,1168.4152,1113.3333,451.1508,504.2835,1337.6149,839.1907,521.8911,701.8887,1102.1046,1867.5323,2134.0513,973.0552,315.9322,1083.7092,1035.1234,983.4771,630.7997,907.4345,427.0976,236.9799,441.0243,1051.6237,1022.7401,228.2434,258.3381,2118.9700,2944.4128,847.1808,1541.9271,2309.1035,1886.1808,433.3751,368.1841,592.5364,976.4536,96.1474,627.7319,43.2353,390.2528,628.8427,330.5678,782.6041,107.3680,824.5278,611.3942,227.6949,270.5911,"suck"
35058.9766,15338.4756,377.1606,164.2012,285.7031,323.4167,506.0394,297.3665,284.8214,467.5820,613.0399,1126.4058,677.2847,473.6176,182.0008,390.6061,1163.3369,1641.6183,1693.8444,657.3654,1426.5920,2318.1692,1630.1064,927.3024,1015.2692,789.0627,563.4387,405.2726,517.2523,890.7749,1141.3933,1053.8063,1269.2179,738.2215,261.8687,843.9231,550.7422,556.6221,356.9188,315.0640,955.3970,978.1858,1762.3864,2769.1145,2425.9409,3628.2012,2118.2393,369.6799,1342.6545,1461.3507,1038.8074,911.5589,812.9327,191.9632,1043.8456,1678.3391,1520.5068,849.6211,854.3443,1116.5231,1437.9690,1915.3297,1303.7446,811.7764,"suck"
35867.5313,15622.4619,150.8520,580.9752,861.8321,611.2097,318.9342,395.6122,557.0172,479.0319,562.0782,892.0508,375.1993,832.3792,943.4191,763.7220,722.9414,710.4974,1147.1677,1057.3993,867.0931,1215.8147,719.5028,1040.4667,1433.8579,988.7870,477.0316,707.9396,421.9048,181.3152,396.0959,520.7311,783.6058,394.4799,1911.0829,2372.0935,1979.1362,1093.6642,873.5056,874.1516,944.7095,731.3203,918.6878,890.5385,401.1253,529.5917,1023.8048,621.3553,293.1733,530.5900,697.1165,642.8041,117.9296,451.6085,1350.2660,476.0473,948.0048,469.5844,812.5808,1068.2380,658.3600,1064.3666,749.6369,372.8473,"suck"
34315.6680,14824.4336,477.4153,945.7740,424.0851,360.4919,445.2168,606.5563,824.4542,155.5633,380.0808,916.2177,507.1398,786.2691,913.3591,733.9960,602.0213,1287.2456,1418.3972,1575.2316,1748.2917,1066.7653,1566.2437,1822.0889,549.7617,1025.9597,2220.4138,1990.7365,513.9462,364.1921,476.7032,672.8117,957.6773,302.7239,581.7664,1113.8180,1169.9163,1239.1692,2040.1802,1962.6263,716.3538,520.4288,877.0412,989.3319,1321.9489,1357.9753,1566.8080,1165.1239,462.9231,560.0480,798.0265,499.4405,166.5959,428.2945,915.9515,1578.5652,2099.9355,372.0154,1310.5612,1592.8951,1351.2942,783.5291,1408.6674,911.5823,"suck"
35431.8750,15386.3389,333.0707,226.5057,163.0660,165.0198,108.9955,107.1198,104.4911,175.3424,267.4762,115.7015,187.2870,156.8163,117.1051,369.0214,531.1596,628.7743,440.7734,339.4313,229.2031,200.3972,319.7283,273.7438,183.3654,651.5355,565.6800,101.0162,184.4689,73.3199,803.5327,1233.4092,1126.7526,879.6236,314.5353,427.9017,424.2092,713.8176,304.7741,246.5916,143.5801,142.3487,299.2473,232.6409,120.7126,113.2007,110.3130,172.7211,256.7140,266.4434,128.7233,129.3445,76.7142,60.3392,129.1430,171.6736,257.6212,153.2841,143.1606,225.6198,187.7368,362.6926,369.6650,163.3978,"suck"
35139.5586,15248.7549,227.5410,100.0227,107.2396,94.2390,122.2097,147.7649,59.4157,229.5045,527.8676,497.1630,513.4485,371.8121,339.5654,508.1079,389.7083,510.4345,384.4238,483.7999,416.5879,279.2751,671.0156,677.5790,325.0015,659.5339,316.5039,216.3730,264.6516,303.7140,725.2916,573.3265,390.4747,259.6639,313.7330,361.1246,155.3332,284.1385,315.2201,156.0686,605.5604,591.6890,287.5718,265.4879,235.1026,91.2304,23.4422,187.6151,92.2182,78.1650,234.5934,229.0528,166.9237,284.2347,266.3068,325.7885,225.7518,35.4045,174.5818,263.1277,325.5410,433.8727,156.7118,218.5364,"suck"
35462.3086,15289.2900,70.2993,296.5997,148.8592,306.6881,480.1219,246.6469,255.6152,536.1473,555.6490,558.6240,360.4317,518.7531,422.4607,101.3769,247.6262,334.9005,406.0057,160.7948,96.2428,260.5313,414.6470,381.1456,356.8951,252.3642,515.8210,202.5397,256.7861,985.3372,512.3072,965.1271,355.1401,369.7353,158.8836,100.8650,134.5150,338.3315,473.8962,248.9812,349.8657,541.3616,722.0904,524.5323,213.6018,166.6466,170.4908,237.3134,372.3608,366.1869,604.8866,419.3654,34.1697,293.7288,350.8439,197.8309,376.8976,791.0515,820.6151,598.2614,605.7844,557.3184,486.3007,211.9553,"suck"
34742.7461,14938.0732,216.7429,212.0534,87.9737,200.3768,337.2807,405.4344,34.0068,187.8709,110.9845,284.6902,703.6195,580.8103,672.7272,708.3872,680.3538,642.3167,665.3088,441.8685,125.5483,375.5824,513.0855,694.3721,512.9467,334.0522,340.0798,246.8074,178.7452,527.2346,630.3365,467.5479,591.9324,240.7281,195.4862,263.1897,107.2227,257.3930,267.2675,330.7494,478.8100,468.6248,308.7307,319.3669,400.1109,278.3584,486.5083,501.7050,211.5713,151.1514,204.2234,376.9973,188.1357,296.9657,359.1655,208.7870,351.3090,325.7415,131.5485,204.7161,259.0045,278.7670,526.5288,368.6602,"suck"
34735.6250,15005.7871,316.7561,286.0495,191.3946,107.3233,476.8680,125.3509,336.8337,243.6319,635.7215,554.8818,128.2303,176.4645,47.2218,249.2342,599.0190,714.5198,465.7063,1180.3149,647.0438,387.7078,455.9734,638.6896,410.0190,480.4857,692.4942,659.8378,630.5518,75.4969,1808.0559,1926.4629,72.8066,462.5191,262.9986,394.1279,304.9206,232.9887,319.2617,348.8574,545.3958,456.1638,215.5804,414.5015,129.8319,172.4950,316.6887,164.1006,387.7175,310.7981,289.6620,405.5355,550.5522,552.9690,526.7144,362.8618,197.9490,135.9627,197.8624,490.6125,324.4630,516.1241,615.1579,412.1044,"suck"
35670.0820,15316.1934,149.2253,236.0247,190.4729,174.6077,441.4670,617.1314,287.3788,148.0816,270.6451,244.7796,453.2283,383.8471,166.7030,474.3035,407.9764,413.2531,581.3422,821.9091,364.9840,366.2385,613.1918,576.0881,676.6923,655.9020,353.3837,308.1119,240.8212,937.4346,900.4384,446.3336,309.0329,592.2341,573.0171,261.6490,562.5482,470.7195,243.6059,278.4394,242.9458,113.6398,117.2295,542.0228,481.6279,90.2851,506.4526,146.2533,581.0300,596.3848,364.4720,357.4270,445.1331,395.3586,392.8922,186.4429,487.2990,569.0132,160.6366,121.0240,103.1453,75.6315,395.1703,128.2763,"suck"
35036.2461,15154.7236,199.5575,259.9843,234.5964,149.7283,232.7623,325.4696,243.9908,199.7864,360.2108,193.3366,546.6594,747.7754,355.3027,626.9899,431.2213,170.8556,748.9658,734.8665,667.8606,816.1592,647.6345,489.1516,357.1408,530.9708,503.5044,83.4994,97.0016,628.7326,762.7878,1255.4998,414.0317,408.3582,469.5831,592.6285,546.8090,637.6409,564.0650,214.4473,383.0651,236.5696,298.8457,99.1627,278.3678,358.8816,79.9769,303.1549,248.1475,73.8266,388.0034,149.6837,229.3116,251.7732,288.8215,205.4660,135.6737,104.6658,623.0350,446.9242,223.2120,576.4774,501.4814,297.9847,"suck"
35298.7891,15106.8516,283.0308,512.0792,703.7159,378.4109,306.6466,55.3467,285.5699,390.6684,142.1389,656.1080,750.4557,382.6011,155.3776,467.8638,474.5298,391.5851,335.2414,1015.3271,1336.4320,626.5089,297.5492,769.7966,692.9277,236.1609,136.9178,113.3817,688.7202,612.4235,895.1484,949.9421,277.2977,450.0173,127.6597,436.5240,370.0513,339.4121,149.1434,429.8926,300.9394,285.1756,479.9939,435.6786,359.7875,153.9240,255.4624,235.3337,287.2254,75.5521,213.0775,105.6338,123.4140,371.1880,599.8025,334.6456,318.1047,330.2435,427.0547,470.5844,360.0290,266.8961,405.2924,304.2211,"suck"
35209.8164,15076.9453,220.0501,448.8106,395.9160,273.5533,43.1884,290.4282,384.5744,134.4044,329.6518,124.4874,529.1027,599.7291,835.6617,907.4653,623.6149,472.8231,433.4912,674.6363,299.8923,297.4104,473.9354,395.9183,381.0152,260.1245,81.3847,335.4180,230.3941,772.7242,1036.2806,950.2532,904.3419,666.5762,134.0629,243.9186,206.6075,436.4935,322.7594,108.2348,189.1678,391.8821,338.5258,542.1713,358.8952,289.1290,229.2429,264.6299,297.6691,206.7309,290.4167,298.8438,320.7799,173.9402,211.1051,409.9415,163.2761,144.3288,705.1177,729.4027,184.6777,74.7532,256.3379,267.5401,"suck"
35090.8828,15020.3203,44.4900,512.3510,647.8517,229.1794,516.9285,279.2570,261.1247,157.0223,206.7197,295.3037,433.0406,744.0304,270.5495,163.9967,292.9883,380.7588,322.7286,494.4922,160.4943,719.8773,766.1958,343.4785,194.8284,426.3810,165.5430,81.9850,150.4768,94.8118,837.7612,1696.1116,1303.1517,837.0132,429.2468,328.2642,299.7112,98.6522,176.4842,128.1540,159.5146,55.9657,438.4431,584.8814,256.3753,149.9591,210.0013,294.9762,124.0873,141.8284,288.3783,253.1488,146.1561,183.7938,151.0799,111.2179,140.8036,257.3998,221.2808,563.3823,807.0792,303.0590,141.5323,263.7075,"suck"
34938.1758,15053.5254,339.8693,285.7003,344.6490,167.7116,216.1832,188.6851,349.7767,156.3715,185.5078,278.8168,460.7304,163.2690,818.2988,276.1888,375.0547,480.2773,373.7433,1473.0420,909.2475,286.8281,341.3033,428.9184,494.5537,597.4409,415.9491,135.4549,145.8379,672.0902,606.4935,407.5126,413.1751,631.4197,398.6810,269.2810,205.3200,207.6641,316.9145,391.4035,168.5592,173.1127,357.1936,235.1496,68.8361,288.4897,566.3010,662.3888,260.8748,61.8709,94.2728,173.4802,85.8471,213.6257,67.7627,463.3754,567.1802,395.8752,396.3568,386.4173,308.4290,250.6864,149.9102,80.9743,"suck"
35444.7305,15491.3359,204.0611,480.8072,422.3367,317.5170,260.2469,420.6643,340.0468,72.3266,358.3475,312.6106,181.7063,75.9407,331.0894,391.8088,311.2193,400.6837,483.2704,461.6737,477.0425,859.6024,551.8038,174.5619,402.5034,572.4620,603.1718,445.7132,228.2721,273.7910,1270.1538,2114.5923,1335.3905,285.1623,364.6834,181.9342,413.5914,203.8000,106.0185,227.2065,342.4042,506.6076,468.6851,110.5928,212.8973,152.5953,68.9665,233.3273,119.7691,237.5603,115.7952,342.1239,506.0208,93.7786,279.8084,259.8653,296.2529,216.9804,138.7498,273.6629,587.9864,594.0822,389.9185,289.8511,"suck"
35368.9219,15518.3154,584.4052,217.4147,451.5384,543.2838,167.5186,115.8784,212.5313,547.5803,564.0379,70.0441,1276.1770,1381.9758,454.1217,332.3314,138.3159,411.7502,962.0496,1419.6639,1046.9613,320.0855,283.0119,574.4205,536.3026,326.6783,376.2489,393.5406,463.3372,444.5727,174.7406,673.5641,801.3329,329.5247,461.1821,205.7562,325.0559,406.5888,280.8107,524.4950,487.2103,327.0487,338.6660,693.3291,470.1099,172.6313,437.8430,234.7398,355.4224,263.8582,126.3802,261.4796,127.4312,364.9172,291.1183,231.5298,374.7370,254.3382,76.6631,158.0733,398.1534,59.2513,396.1964,514.2139,"suck"
35383.8477,15248.8926,527.3924,201.7019,250.2309,107.5588,479.1218,385.3434,123.4634,604.9271,407.4084,392.1500,520.6132,523.8908,195.8673,137.9474,202.0532,357.8385,244.8394,591.5175,1273.8445,1066.2283,806.5122,730.0489,804.7678,308.1340,398.4651,213.8437,189.2688,387.3586,985.3073,1473.4221,1496.7654,1151.7924,563.7386,244.6869,219.5760,384.1269,399.6715,300.5471,376.2217,287.8368,165.9709,115.9385,87.3127,189.7773,250.6712,326.6130,280.0970,232.9500,386.3580,288.9871,336.8831,205.4118,247.8696,483.1471,292.8792,91.9391,328.7815,510.3004,537.5917,526.6049,465.2094,571.8321,"suck"
34900.0742,14960.5918,292.0719,334.4308,463.3129,390.7310,234.7617,286.2322,297.6227,276.6851,359.9171,138.1277,474.4968,828.7802,924.3157,404.0159,950.4768,1204.6880,666.3390,435.9526,740.5338,351.4044,319.9259,142.1928,388.7583,248.5779,472.4952,430.5808,359.3552,618.0919,1712.7740,2952.1479,2679.6646,1369.9285,59.7256,427.1833,843.8932,441.9828,289.7401,237.7758,212.3049,122.1629,165.4992,177.1171,110.2340,99.1285,185.4530,346.1916,450.2852,249.2173,131.5209,193.0935,171.1467,229.7152,188.7766,56.1227,260.9256,242.7382,161.5267,164.6282,414.9337,580.5273,303.1670,366.2266,"suck"
35438.7734,15337.8145,203.8416,96.3043,271.0164,360.0140,243.9900,261.8110,124.9396,237.3677,516.0479,553.7166,267.5774,775.2088,783.1473,635.0557,575.0197,274.3701,800.5198,1922.9598,1234.2692,318.0840,247.6765,353.4766,566.8916,349.5015,175.2688,373.8316,534.3974,405.4556,1030.3700,1224.3438,1029.3867,782.8201,240.9254,381.4528,464.4295,370.6385,362.0598,119.9915,456.3777,355.3979,148.0320,222.5284,213.0586,157.3366,368.1147,275.1779,120.4920,149.8744,260.2563,372.3078,34.0442,47.7883,152.3647,248.9521,223.8039,189.4825,481.7511,335.7877,64.7847,97.8028,222.0956,101.2532,"suck"
35037.0430,15146.8955,276.7091,39.7858,40.4522,289.0460,431.9115,221.6104,25.2100,281.2231,302.0971,343.6046,424.6638,444.5606,16.3224,401.5921,584.1711,578.9033,299.1157,153.2448,498.0683,783.1549,782.6591,398.0836,423.9686,273.9932,53.1296,145.2781,323.4194,444.2183,780.8309,1233.0801,1279.8727,907.6412,578.6631,412.3677,549.0630,142.0833,229.7161,156.6313,146.5016,115.5400,89.4766,69.5667,153.1122,171.0616,88.5165,194.1082,131.7264,152.5544,240.8072,322.7689,398.2958,361.3548,318.5417,303.8392,154.6012,59.9992,195.9007,239.0561,195.3863,106.9292,89.7375,238.6237,"suck"
35367.6250,15270.7500,94.6518,92.4461,236.0561,242.8672,459.4325,396.2941,62.0965,179.6289,186.0961,409.2026,435.1678,185.5030,376.7037,618.0376,524.6177,722.2256,776.0546,714.1202,278.7715,332.8371,501.0650,529.9037,471.1281,511.5916,55.4663,268.2780,310.5486,377.1260,116.7142,243.1999,843.3200,821.3889,230.2274,602.7347,404.1520,200.3451,629.4830,406.1910,694.0242,440.2976,161.3480,391.3389,339.9587,241.7528,284.4052,206.2884,78.4204,111.2497,327.6096,386.4921,298.4683,220.1419,64.3759,177.3184,456.0464,314.2234,216.9708,245.7489,123.6916,293.9278,303.2668,99.2851,"suck"
35083.0313,15149.3809,151.0445,80.1822,345.8858,392.9214,317.7277,206.5403,303.6252,225.8756,296.2634,172.6207,335.4668,381.5123,544.2511,398.3364,220.3423,485.4620,693.5662,791.6592,438.0158,372.8002,180.5562,97.0184,201.3645,662.7036,561.4945,306.9239,70.6322,291.3088,560.1915,606.0311,228.9488,213.1488,128.0349,331.5462,505.0381,380.0016,261.4749,421.4724,285.1698,300.4893,293.6015,332.5453,78.4829,59.4444,27.9440,40.2579,41.3397,150.9772,197.9356,95.2808,126.7392,185.3312,39.5745,170.2937,19.1950,127.6768,39.5671,261.4395,291.7281,86.8092,335.7863,228.5910,"suck"
34630.3906,14903.3086,262.5724,191.9078,243.8478,276.0391,177.9940,314.9070,377.6787,239.4990,220.7417,248.4313,687.1807,485.9052,227.5406,286.7839,263.0487,263.1024,537.9286,708.8038,405.3980,437.6227,227.5005,334.5630,572.9633,775.9514,459.3039,116.4083,174.1037,428.0954,138.8992,541.6539,350.3755,511.3723,685.7444,675.6636,402.2766,329.7833,472.5887,292.8885,67.6491,190.9970,283.1198,497.8801,256.0271,262.0126,91.0428,427.2189,682.2801,481.1451,187.3534,109.7397,219.7055,436.5413,310.9061,75.5970,322.1851,295.5597,162.0114,10.8750,200.3041,97.6511,447.7293,55.4145,"suck"
38403.0664,14956.0000,732.9567,82.1832,352.7355,280.8014,345.9720,97.4848,253.3575,141.4860,187.8546,200.5642,66.1467,107.2141,225.9866,244.3431,348.1988,212.3839,344.1450,333.6813,205.0641,444.4941,154.5826,439.8698,272.2196,419.7302,368.7060,307.6560,143.1335,442.1894,494.5560,146.9390,174.3489,276.8844,457.8074,409.3799,287.7431,146.9789,44.9853,167.2445,270.7122,253.5711,508.5961,265.1734,178.2233,87.1666,380.9849,350.3968,73.8878,349.2959,380.8235,139.3210,108.2702,158.3190,260.2730,152.7325,150.2013,247.0029,254.2559,468.5216,111.6467,178.6938,399.1058,270.2496,"suck"
34782.2656,14956.0195,149.5320,147.3951,214.4187,115.5432,310.9969,194.4188,120.7386,54.4829,450.1870,562.1125,237.8184,223.1249,56.4268,239.4873,276.1885,88.0581,74.5588,304.3752,155.2513,85.7183,363.6027,265.9953,174.9235,237.1567,177.7008,136.9583,88.7360,28.3098,322.7212,191.4134,145.8910,36.7413,220.7300,215.3785,89.4474,248.4814,165.1292,123.6097,34.8972,99.3674,266.4099,338.4051,160.1507,49.7411,182.9520,214.6936,259.0799,155.2104,181.7303,221.1730,89.2853,139.6190,456.2004,418.2594,231.1069,34.6792,62.8749,297.2690,364.0990,162.4499,91.9806,74.5155,"suck"
34863.2656,14913.1123,136.6698,143.9084,136.5604,262.8806,138.5443,246.0998,263.3979,371.7026,387.9521,487.2569,307.9735,349.8257,339.5321,136.2078,90.8162,110.5728,302.3494,104.4743,208.3520,15.3049,298.0345,192.7030,46.0089,75.7560,17.9979,62.5839,236.1793,383.4817,134.5596,178.0227,39.3974,161.7244,142.4859,78.6498,141.7425,169.3222,175.7848,198.0813,256.1497,638.6371,606.9248,293.4816,210.8450,210.9347,216.8472,98.5714,85.9529,102.2909,43.4802,131.1579,261.7158,268.7967,321.6277,217.7578,65.1094,140.9619,314.3384,22.6686,177.3994,146.8079,207.9117,348.0150,"suck"
34618.9297,14909.3213,104.9303,136.0451,137.0033,201.4841,180.2983,63.3723,287.0143,273.6353,161.1342,51.1030,86.8399,275.5116,261.0934,145.4094,214.2140,217.5364,254.4149,176.5708,123.2263,163.1397,268.8213,427.6701,233.0654,92.4503,57.0764,162.3161,99.5245,34.6401,40.1386,59.4039,44.5974,138.5078,214.8171,178.4489,227.8953,169.2381,101.2179,32.1601,207.8289,109.5980,135.6040,148.7314,111.4156,120.4496,92.4768,104.1193,118.1887,166.5568,157.6144,179.8815,233.1270,120.7914,115.9667,184.6872,153.0879,116.7072,66.2869,95.0367,178.9446,208.4333,186.6152,22.5712,"suck"
34866.5000,14982.8506,197.1127,303.6286,262.1070,146.7362,127.1533,190.7645,154.2774,164.3016,119.0578,219.4788,133.5793,330.3200,390.4297,317.0752,147.1446,17.7327,59.8295,21.5815,31.1638,99.2166,208.1730,74.0295,161.9248,219.8650,20.6930,35.9543,187.4887,74.2506,62.6445,56.4243,32.5833,49.3505,160.2265,170.9659,168.3784,100.6327,202.1723,53.1670,139.9137,269.1732,329.5785,154.4177,68.9021,90.6614,199.8177,116.9021,202.3403,137.0376,61.9431,121.5332,112.2704,122.8636,61.1999,91.5464,38.8290,77.2983,213.1478,299.9786,187.9005,76.9028,101.6776,335.2452,"suck"
34723.3125,14957.0977,50.3148,78.5353,40.9452,227.3782,341.3564,282.1396,241.3489,76.9201,297.4776,296.8133,222.8475,102.4050,190.4664,224.7501,277.9134,273.1623,197.0205,261.8771,402.3742,264.0410,207.9366,144.0331,115.4726,250.3147,82.7384,196.8299,156.9181,205.5667,146.6813,47.0031,99.7970,111.2332,55.7019,49.2520,67.3375,122.2361,188.6092,222.8420,80.0256,154.5760,148.9994,217.5184,222.3072,184.1834,150.5938,115.4839,118.5043,79.6452,75.5318,126.9221,59.9263,35.6860,81.3704,126.3043,112.7287,60.2722,92.7649,179.0048,263.0509,245.3075,204.3015,85.5981,"suck"
34666.2227,14870.1162,101.0214,110.0837,47.9883,36.7621,188.9885,145.4476,123.8738,258.1718,167.9881,318.2046,395.3324,257.8191,139.1722,53.4667,46.4261,191.0512,257.2244,103.5388,142.9546,218.5669,311.3926,116.7317,141.7058,159.2105,53.4463,89.7908,130.5548,23.2019,104.8232,84.1478,10.5045,11.2731,25.1602,20.1904,70.5597,128.9753,68.3969,23.7197,108.6135,248.0554,268.9522,372.0779,184.3083,79.6618,32.0710,136.7343,109.8698,49.9484,70.6151,35.4161,148.3571,122.3386,110.3831,75.5430,90.7038,189.1110,165.1383,128.5232,102.2040,90.7348,167.9187,230.8468,"suck"
34691.7617,14967.4521,24.6553,177.5156,172.5873,119.3787,73.0151,128.1477,12.8215,94.2078,115.2570,109.4210,126.5282,89.7353,182.4352,183.3626,176.2840,108.9610,62.7134,126.9319,77.8202,73.2001,194.3784,284.2360,223.8644,144.8331,169.5800,76.8136,84.2173,61.5706,96.4815,138.5521,92.0126,77.3263,85.7960,82.3090,151.5822,89.5502,57.7265,162.2730,325.2782,334.4983,199.7348,164.6599,259.5881,93.2046,99.6545,122.5471,13.4901,71.1064,110.5465,147.7410,90.9056,137.1493,10.6458,76.3734,114.3440,40.9524,199.0536,101.8010,148.1936,146.7576,57.0821,43.0233,"suck"
35053.8516,15383.2295,345.2393,445.0450,607.4698,550.1964,671.8093,420.9484,684.4850,535.1841,872.3115,508.8764,414.3515,297.5785,471.2905,312.7558,429.1453,607.5149,466.0004,390.7348,376.7287,122.5322,236.4305,101.3749,186.6108,379.1751,278.0202,297.5018,110.6077,428.9120,905.6768,467.8245,204.3304,582.8307,650.8970,1017.5502,882.9883,280.6227,527.1039,101.3630,353.2795,268.6123,298.1756,303.2900,253.3921,380.7870,599.4960,133.5585,506.7084,457.2318,426.9438,396.4037,86.0974,169.3218,273.0304,699.9409,914.4925,493.3881,462.3232,247.5074,272.4887,508.3297,347.6925,562.6057,"suck"
33592.6992,14414.9600,441.0245,752.9354,424.2327,220.3589,97.6474,338.2878,210.5173,1081.3588,1512.8706,832.8018,872.2643,1008.2849,386.8105,398.2709,350.5325,609.5332,713.1938,1091.4628,1430.8386,620.8878,645.3676,859.4991,1077.7133,984.1443,227.7677,856.4838,861.8398,583.0751,752.7330,1082.1472,812.5661,495.3048,608.1129,530.2698,380.1278,580.5593,483.2837,393.3430,877.7719,598.8801,560.5791,545.1541,426.0528,399.4795,575.4709,1316.4263,666.6091,222.8347,245.3570,324.2933,211.3968,446.4525,533.7676,200.3012,283.9055,556.1442,448.0998,578.2382,338.8570,245.3440,535.6095,1203.5645,"suck"
35534.9727,16035.1807,173.9929,1663.8284,1055.0219,647.5936,836.0450,1302.6677,1035.3215,897.0843,137.6200,420.9705,1102.9086,1185.8628,35.2243,406.3196,642.4175,998.8709,1328.3607,1100.7719,534.6582,661.7872,728.7803,719.4972,294.5531,362.0836,530.5223,1459.3760,1638.5605,1020.4348,691.7181,1646.3135,1403.2555,1177.9694,1119.8894,839.9775,522.7166,551.4020,382.7484,660.9507,1292.0004,1329.5276,756.8922,1008.7303,1213.9429,733.7975,659.3068,334.1423,829.6697,1025.7023,484.9336,120.1789,411.3635,824.5558,1379.5903,1024.5460,822.1911,801.8332,1169.3044,841.2896,517.7953,439.2500,589.1678,767.9261,"suck"
34700.6133,14940.2910,97.1411,31.6914,90.9025,68.0858,45.7906,47.8889,143.1846,340.7859,325.9719,89.3992,128.5553,40.0160,50.9331,82.8385,55.5059,27.5392,29.2185,3.9855,27.8017,48.5594,36.9693,52.6455,72.4531,80.9991,32.9830,55.1039,47.5614,15.7874,67.0476,80.6682,33.8349,52.6497,32.2121,111.8227,81.1819,23.5576,62.7248,13.5426,21.5391,23.6939,2.3558,25.3866,45.8759,16.4946,26.7201,48.6809,57.1826,66.5367,21.6251,34.4836,30.9338,27.2286,39.8283,35.2036,18.7195,65.7739,91.5298,50.0041,58.2067,172.9626,202.8653,104.1885,"suck"
34375.3555,14764.6445,26.5430,95.2430,41.3064,27.0132,149.0642,142.4821,265.3101,240.5032,565.2314,398.6131,239.7780,193.7964,157.2311,180.3376,42.3409,149.8395,193.4823,212.5862,140.2381,81.2399,90.7165,151.4158,174.5375,86.9118,82.2925,122.8782,261.0391,179.8004,153.1226,196.5027,142.5542,122.5917,91.6211,108.4509,65.3353,137.8362,54.6740,203.7609,122.0762,18.8272,90.5770,75.2162,111.5799,141.3523,98.9365,37.1039,138.3702,182.2585,122.5081,72.5644,60.9120,16.7005,118.9630,51.7624,220.9710,210.0918,240.2343,165.0619,64.8927,216.0418,146.1686,123.4337,"suck"
34686.7539,14922.2803,114.2542,188.0390,269.9784,213.5652,354.0452,151.7835,273.9917,295.3166,256.2446,553.7734,600.4540,567.4717,463.4030,224.2567,159.4932,131.7861,191.0892,56.4111,55.3484,186.1331,84.3546,39.8678,65.8035,184.5181,215.3745,187.6562,279.7584,59.7318,106.9647,245.9182,256.5802,114.5117,165.0190,42.0760,69.0462,188.3197,315.7224,163.3783,148.5939,46.5681,90.2169,138.1383,61.6798,72.5284,85.4041,88.4346,116.1667,223.9898,165.5750,14.6047,77.0122,65.8940,85.0012,188.5968,97.2219,233.7586,292.5145,185.1722,115.3106,61.1031,217.0818,299.9228,"suck"
34786.0039,14886.6064,168.6264,369.7326,242.7671,313.6386,142.0662,146.4685,49.2259,246.9191,379.6838,697.2371,307.6573,220.9553,92.2383,293.2669,327.7568,78.0387,112.8787,264.6773,186.2218,339.3601,279.5369,152.5490,325.3360,190.8341,87.4756,137.3737,130.3117,253.9555,297.3281,98.7550,94.4548,95.1946,99.6633,183.8246,45.7043,245.7008,363.0829,258.4757,67.4574,143.2820,177.0381,85.8972,257.2944,209.7359,187.5058,241.3511,97.2597,82.8270,50.7784,75.2364,179.3913,68.9852,133.7687,69.8829,33.9321,68.2082,126.3977,113.7570,98.8918,130.6537,173.2605,110.5472,"suck"
34835.6250,15118.7539,113.9646,357.5509,332.3913,136.7288,104.8462,130.9725,65.6425,103.5567,196.9038,334.9815,180.1272,391.8174,152.9956,208.2124,345.6956,241.9211,228.6713,78.2225,185.9073,159.7723,325.0733,350.9519,332.0362,158.1202,54.2244,165.0186,381.8830,207.9874,184.6008,275.7253,260.1406,134.6407,118.7424,111.1167,28.0704,129.8741,196.4810,148.8624,70.3049,94.4752,59.7540,58.5773,21.0133,90.1077,139.5494,139.7459,104.6730,144.9196,159.2360,125.1010,88.4212,55.0465,122.9713,97.3911,96.7520,88.2752,186.2632,249.5616,277.7586,133.6337,284.7897,164.4287,"suck"
34857.0313,15067.4590,172.6783,129.8807,132.5850,225.7318,221.3539,96.4105,163.3964,222.7327,75.2723,86.2054,555.2081,474.3894,288.1502,189.5747,150.5852,180.6590,119.9096,127.0973,350.7077,274.3208,30.3998,54.5465,222.9115,224.7832,33.4188,108.6457,142.9212,306.2836,276.6819,403.2598,287.4512,167.5024,180.1216,33.0090,160.0324,256.3572,112.8461,93.3457,256.9081,414.5071,176.0631,68.7615,66.4405,58.6140,54.7661,160.3818,114.0722,100.1076,121.9529,126.3174,80.0213,14.8321,78.8866,84.6658,81.4390,87.3699,41.8765,175.3173,47.0600,144.3412,148.9966,51.8969,"suck"
34765.4688,15029.4199,137.9327,77.0667,90.7498,72.0922,177.1868,52.8669,225.6985,143.6082,104.1598,409.3912,415.9071,79.1663,98.2795,142.9707,83.9662,77.5956,69.3008,103.9675,52.0574,39.2637,110.8438,293.3465,202.7108,145.4036,230.5548,188.0522,296.9348,478.0502,655.9630,720.9918,266.2023,77.7365,112.3906,55.3758,87.6767,166.4979,227.4888,86.3612,35.7089,184.8254,134.7058,61.1492,54.6106,168.4665,99.1050,134.1736,160.6860,124.0219,90.7007,87.4859,150.1471,44.0847,112.8275,153.5273,7.5297,130.1877,100.2806,69.2283,97.1680,95.2727,62.7650,128.3377,"suck"
34691.5820,14901.6758,173.8526,114.4571,183.8479,301.5645,267.9677,82.1087,51.7831,151.4295,213.9346,63.0876,95.5748,387.8134,536.6537,169.5107,276.5154,217.0836,128.2474,128.0343,196.2768,46.9730,218.2273,119.9710,107.3357,177.9938,136.2049,149.2337,201.0859,505.0067,263.6089,223.3066,268.1662,271.6616,285.0437,138.4860,114.5084,52.1717,80.8588,77.1249,258.8345,247.7523,41.2645,208.7086,166.7625,214.7132,213.4353,194.4915,116.8984,89.5731,39.0633,59.8006,31.7039,51.8315,92.5603,24.7080,92.4175,60.7773,30.5885,29.7262,49.8558,105.9683,164.3232,104.5964,"suck"
34634.1172,14950.3408,114.3505,153.6770,85.2001,37.0095,43.9746,65.3063,60.4564,200.0122,280.3795,375.3142,399.9541,106.3238,146.2355,191.8349,72.6525,88.2786,6.4415,5.4597,120.0677,275.2661,433.4492,271.9231,100.9780,150.6222,125.1641,67.8214,241.6731,212.8229,248.1705,373.3578,137.1902,249.2011,190.7587,34.0432,45.8683,45.5474,108.1021,20.0657,39.8798,47.8054,110.6694,110.0346,71.3915,149.4568,217.6212,173.0809,138.5592,90.6422,71.3767,42.8492,94.4877,30.9605,71.3567,135.7088,84.5515,22.0536,58.9993,99.8311,171.2189,142.5552,234.4120,70.7335,"suck"
34615.1211,14883.7275,33.4128,123.5423,39.4946,126.3767,172.2819,87.5858,111.2175,106.7991,408.3453,382.0390,193.5638,172.0517,67.3780,78.5063,111.6530,93.7553,144.8064,174.0142,128.4357,65.6879,9.0666,56.1292,110.8550,83.2280,96.8959,186.1386,220.2263,307.6919,48.9716,206.5878,179.8860,98.2019,97.4208,60.3425,97.3163,36.4233,18.4915,59.3405,29.5482,91.8601,91.4978,83.4857,29.5360,115.0412,165.4853,116.5321,91.8476,148.4417,164.3376,12.3598,172.0526,107.5093,71.4463,121.8544,39.2009,77.7734,96.2528,67.5891,87.8707,101.1720,161.7425,108.5453,"suck"
34762.0391,15012.7393,182.6727,8.3420,82.1940,151.7292,142.5510,172.0771,59.0044,59.8397,193.7451,273.6945,76.7639,124.1299,25.4341,65.9696,95.3235,89.4823,118.2683,62.4644,109.5383,94.1319,163.5382,130.7316,80.7505,100.9123,60.4530,189.0308,153.8955,67.1758,139.4018,118.4292,104.7637,106.6033,165.1526,128.5821,127.0781,59.6820,32.1123,124.3743,143.3998,84.6121,91.6345,78.5912,67.4904,133.5481,76.6084,44.4710,53.3913,144.0646,262.3756,275.6465,134.6317,21.5728,141.5989,49.9695,66.1177,124.5856,157.4089,32.3916,56.7243,139.6626,80.6423,98.9066,"suck"
34766.6758,14906.3994,56.3352,80.4984,85.5662,92.3130,88.3352,124.4356,58.4794,105.5027,139.3818,128.1002,81.9463,60.3634,118.0624,101.5016,6.1644,94.9631,148.5789,33.8830,103.2266,83.4268,75.3051,80.6999,30.3719,45.8595,40.3816,49.0008,42.8702,56.5170,129.9527,104.5264,87.9427,135.1220,128.4718,108.7265,54.6728,25.0915,76.0875,147.6901,145.4957,73.8683,85.4590,77.9520,9.5602,67.9398,123.3572,136.9947,101.0780,139.6130,71.5571,49.1656,36.5447,27.2482,59.6888,67.7778,111.6818,133.8858,62.5944,68.1474,16.3463,115.9073,86.8121,168.4917,"suck"
34734.5938,15012.7734,154.1857,29.6093,85.3281,128.4536,94.2972,50.2562,75.9128,88.6998,33.9689,67.9286,117.9238,135.4489,68.6521,107.0645,19.8337,53.3592,89.1992,80.1960,69.4917,78.0187,60.6972,55.9234,66.9607,61.1204,31.9993,32.0173,92.1651,64.4149,138.2818,139.2630,68.2224,84.8540,91.4505,47.4906,50.0610,73.3550,85.9851,62.4748,11.4303,29.5394,88.7160,82.4472,162.5974,82.7460,26.6439,24.5685,76.5796,51.9699,30.6287,132.2535,187.3994,112.7583,64.6364,32.4938,30.8212,117.9081,67.4522,53.1478,83.8280,30.5834,169.6045,133.8264,"suck"
34674.0586,14929.6553,66.7051,77.1171,78.2848,65.3538,97.7084,48.2407,87.2691,47.5129,95.1712,123.3427,139.0203,215.6553,131.4590,34.8170,41.4655,72.6235,21.4448,28.1654,113.6338,191.2852,186.4090,54.7427,142.3429,122.6494,56.8923,47.4222,94.2315,103.6615,51.7195,171.3740,123.8687,47.2448,34.5949,64.3180,166.8297,220.9683,158.0457,44.1609,101.6007,109.9794,106.3436,116.3572,111.2030,118.3075,93.7001,141.7272,160.4406,140.1198,63.6899,140.0801,161.2905,143.1480,90.4680,75.1021,47.1711,146.8807,101.2973,59.6125,121.8587,76.4587,135.8567,206.7514,"suck"
34580.0000,14857.9600,43.1116,56.5853,79.4628,42.2707,86.8964,72.2957,91.1551,108.2918,98.6518,117.7605,165.0702,163.5588,113.7391,177.6919,161.3850,75.7304,39.2503,38.6081,69.0199,64.5238,28.1193,40.9710,92.9189,79.5867,68.6830,25.4543,99.6199,71.7441,103.7689,172.7822,38.7397,190.1950,277.3826,161.8430,128.4352,87.4777,50.1010,118.1813,139.3359,127.7412,95.9899,156.0055,217.3696,153.3844,112.9856,139.8182,62.1144,29.0749,164.2086,162.2493,111.6668,39.6106,23.3091,24.6540,43.9518,65.7906,30.2418,121.1128,113.9476,39.9818,95.3336,138.8598,"suck"
34539.0820,14824.3867,82.5894,64.5463,121.5206,112.0786,86.8698,82.7102,170.8152,93.9574,45.1498,21.5023,67.1125,96.4046,93.7012,64.3345,34.2248,32.9250,55.0188,11.4036,29.9440,45.5631,17.5628,80.9772,76.6316,45.5090,39.4001,133.8942,90.0805,57.4529,11.4140,122.2568,164.5956,153.3663,270.1652,313.6422,80.8523,25.0566,18.9188,65.5415,108.2214,16.2494,29.5980,161.1570,126.1261,116.8593,143.2832,42.7921,130.0994,79.2337,56.5430,65.8740,35.6094,100.0351,53.6680,69.2124,122.7405,95.2190,94.2655,94.5575,120.2493,80.7488,113.4300,105.1512,"suck"
34819.6445,15014.0293,186.6319,197.3652,169.2952,86.2874,74.9785,65.2234,121.4300,206.0204,226.6169,264.9867,448.4482,365.0402,79.5557,39.4516,276.5419,201.6783,303.7481,1270.4376,1096.1825,190.5311,66.5290,67.7376,129.2483,41.4767,490.7224,833.6819,683.3568,704.7999,495.3206,1300.7648,1347.1316,858.2736,115.0910,232.7169,115.6448,108.7883,198.4351,164.5991,132.9132,195.0924,281.2740,160.5051,243.4202,169.6922,147.1131,184.4898,103.3338,93.3076,151.2838,219.9890,73.5453,111.2651,208.4849,43.3848,24.3550,53.2505,86.5686,297.9757,348.7862,73.6802,299.0116,228.6260,"suck"
34917.7656,15216.7256,233.4664,314.6410,304.2973,44.2364,161.7163,133.7907,95.4564,343.8753,268.1902,445.8514,494.2664,235.1500,313.4117,413.6939,186.6880,223.1696,588.5336,1927.6388,1798.4597,522.3845,199.4370,223.2520,337.6137,418.2610,244.2174,840.5331,807.2006,715.5105,357.2186,1038.7422,1092.8129,918.8190,194.1444,97.0777,460.3514,356.8415,347.5882,444.7134,195.1886,248.2428,284.7440,200.3422,234.5396,182.6494,83.1547,119.3757,79.9006,118.0489,253.1703,119.2258,136.3888,101.0723,111.5743,80.8543,306.0117,273.1482,326.3916,330.4101,211.0666,310.8924,559.7147,458.6855,"suck"
34853.0938,15009.1836,234.9617,269.9091,247.3854,169.0771,183.7705,121.1237,211.9713,141.3039,109.0897,421.5912,275.5934,212.5663,495.9950,673.4525,475.2540,258.9475,211.4520,561.1252,726.0753,270.0436,167.4124,148.2122,138.8096,220.5327,620.4471,904.5892,827.4443,621.1846,343.3242,963.8755,733.1471,1160.6407,832.7574,276.1355,114.4162,99.3420,355.5353,387.6915,28.3479,203.0042,256.0788,137.3660,267.4693,252.6407,277.0182,326.1955,384.7873,326.7795,243.5035,65.6234,18.0003,129.9977,91.3962,157.4972,281.8620,287.5226,118.3003,353.6445,272.0710,131.4436,458.7102,272.1646,"suck"
35318.3086,15308.2646,255.5347,150.5879,295.4065,161.0560,244.4624,381.7509,290.7776,350.1956,355.5188,112.6424,431.4129,308.7922,140.5792,277.4300,253.9985,228.3969,448.6974,1527.9541,1376.4700,330.4458,263.3361,166.7799,109.7704,250.7312,488.1995,1066.5015,758.6246,778.3760,309.2888,962.7575,351.9727,1046.1532,389.6202,68.0510,31.0560,58.2218,55.6535,216.3275,260.0895,251.9594,149.0928,181.3485,199.3045,335.6597,110.2658,93.0103,31.4371,125.1963,153.4633,149.9293,227.2157,412.1277,454.8440,405.6056,422.5898,316.1731,311.3569,276.2223,211.2494,147.2302,386.1333,411.7886,"suck"
34980.5273,15091.9297,245.8200,216.5692,280.8135,170.5662,247.4405,250.1329,145.3230,86.6693,397.5212,786.8450,495.8308,199.5113,272.1887,91.2491,234.3101,280.5083,527.3801,1847.7007,1583.7941,417.5387,499.2204,94.6393,194.9832,47.3388,569.8635,769.0411,936.5219,724.2200,537.8005,1271.1143,1215.0747,1182.4929,582.8936,140.8932,387.2288,220.6794,249.5924,222.1606,124.0919,100.4471,81.3626,259.4918,449.6940,254.4396,143.5532,149.4773,162.7868,149.3673,158.6825,148.8026,175.6892,327.0441,227.4420,244.9493,225.3526,380.1737,271.6223,344.8348,343.1327,93.7511,461.2280,372.1799,"suck"
34608.3906,14953.9678,301.1430,121.5739,46.7989,107.8810,65.7636,60.6137,74.2447,424.4600,682.8071,388.9792,315.1969,191.4431,417.3246,409.6292,243.6503,143.2616,269.5250,1126.5610,1122.9707,470.0683,372.6164,250.6673,184.2508,181.9491,707.3088,948.1323,1118.2432,887.4379,523.4913,1083.6445,1362.7279,1345.8953,801.9277,352.4861,214.1011,140.5322,259.0659,409.1155,210.4590,113.8573,236.7779,240.5282,112.2161,126.8297,209.1873,431.3887,466.7557,166.4520,214.0944,302.4221,317.0499,274.9499,61.2583,86.5069,253.2029,320.0591,365.5130,178.6800,398.2149,504.2116,423.9476,219.8325,"suck"
34967.4141,14956.8564,80.9921,60.3419,127.0816,36.4707,260.2619,315.5995,366.6003,230.3701,167.6755,180.9758,151.9572,171.8009,369.5176,315.1173,283.5084,382.0106,176.3526,278.8219,227.6553,311.8784,297.1735,90.8133,51.4312,145.6522,363.7104,772.5120,905.6799,768.8362,364.8125,1145.0608,858.7701,823.8523,377.4020,463.9185,212.0401,149.4478,293.4240,314.7038,210.5784,527.8394,426.3834,199.2096,112.6142,74.7134,135.0185,148.1684,58.5900,170.5954,50.8968,77.0557,81.8083,163.4612,245.9658,225.5712,173.1643,233.8130,199.6330,89.2543,61.6762,164.2930,155.1295,81.8285,"suck"
36092.9961,14822.2334,251.7639,242.5874,94.5349,269.6705,156.3925,284.6608,141.8253,376.6422,389.5380,286.0378,206.9226,297.8701,340.2890,259.3142,236.7790,138.5417,170.0370,172.9994,260.4549,272.4124,297.1770,219.4079,208.6105,212.2413,79.7616,138.6230,97.1317,93.4733,66.3144,74.5206,340.5324,1004.6241,723.6093,513.0178,366.6058,375.5243,291.4956,197.4887,225.8456,104.5284,222.6333,226.2928,180.5554,179.6290,191.4447,179.0367,96.5302,57.3463,34.3596,65.2440,78.5949,168.5839,64.3634,33.8459,20.8413,125.9537,96.8472,320.4015,211.6053,122.8426,195.0300,234.3739,"suck"
34699.8281,14987.8818,55.5989,162.8907,60.3669,294.1573,405.9788,292.0598,126.5641,130.3666,147.9990,287.4782,540.8782,371.0025,84.7076,140.7942,228.0339,251.0343,161.4230,140.9242,276.2113,240.9614,193.7575,118.1578,157.7055,188.6940,235.3531,171.0508,175.8260,362.9917,500.2097,276.4843,410.0923,730.3451,467.2614,308.3128,307.9592,35.4407,73.3626,35.5197,235.6081,398.0840,338.6721,102.6955,67.2418,106.0834,123.4319,52.6385,92.2182,125.6749,232.9113,416.1911,266.9794,52.4477,102.4757,294.3275,288.7999,319.0450,262.6730,229.9120,90.4970,139.5553,328.6729,237.4146,"suck"
34785.6563,14991.8701,213.7914,177.8846,183.3771,65.6607,62.8654,140.0889,48.5776,223.7895,146.8013,135.2247,137.4831,65.7982,245.9864,267.1689,44.0950,118.5006,12.2710,147.6336,215.3226,114.1898,165.1861,241.5870,178.0303,64.1751,104.5478,111.3718,168.2852,173.0923,150.1023,117.7083,351.8632,466.8046,163.8449,208.0666,33.3348,155.9814,162.9021,82.2530,148.1410,418.1408,257.5807,133.5683,247.9603,192.7283,84.8701,50.2940,58.1905,42.0468,152.6714,239.4605,78.6482,277.8516,220.5861,184.8317,238.5091,136.8139,116.0105,338.1540,422.9466,146.5770,197.0888,271.3387,"suck"
34719.5000,14937.1172,115.2847,59.8850,77.5951,55.2712,65.9974,186.2625,358.1753,80.1498,60.2824,81.9969,87.1293,264.2968,194.2214,126.7365,139.4423,97.8541,180.3246,46.0525,144.2834,166.3906,362.1075,325.4956,57.8287,162.7013,121.7785,62.3811,164.5475,77.4948,91.6575,53.0786,178.6910,585.8691,425.6179,175.1656,409.3581,308.9632,164.9276,111.2407,36.7432,135.0068,273.7544,292.1444,165.2543,46.0563,121.8996,128.3942,290.7873,374.7956,301.1724,115.0071,109.4145,48.0425,63.4354,132.0220,67.0102,235.2572,198.1960,228.4189,102.8154,168.1030,136.1561,68.5682,"suck"
34647.6133,14965.5264,62.8625,218.7019,218.2906,167.8237,101.1712,210.2172,147.4408,298.8338,6.3904,353.8748,234.4563,430.8615,330.5779,70.5724,130.5702,178.9414,86.2013,244.9834,182.3686,110.6188,123.8612,265.7629,164.2282,223.5768,250.1361,43.8339,264.3538,308.5245,267.4745,214.7732,430.3424,712.7552,457.4481,448.0979,370.0578,288.1837,265.5614,192.4496,254.7006,242.8404,47.7858,178.2508,308.7393,172.3806,71.6416,127.9019,89.8996,98.5975,49.7436,82.1297,74.4503,141.6815,224.4755,132.4315,138.6498,28.3970,52.1921,126.1658,257.0682,123.5390,88.2567,148.4947,"suck"
34801.2109,14946.1328,4.9203,114.0161,77.0110,75.6149,44.9169,47.7751,80.2463,232.8119,283.0342,166.5345,290.8989,240.3992,232.8098,55.7570,156.2468,220.5300,331.7301,231.3832,69.0990,94.8898,152.8778,15.4251,121.0209,58.8988,17.7076,31.0604,78.4710,154.9436,209.5143,139.6591,170.0892,102.2046,221.7630,112.9689,169.1169,190.9771,228.9866,134.1687,72.8520,28.5146,90.3406,188.3203,164.8329,19.6756,146.8304,265.7155,156.4449,127.9287,146.9112,103.1073,134.7303,115.7998,98.4991,116.0974,99.4967,192.9044,156.0246,151.3904,110.3040,108.1163,191.3530,144.3988,"suck"
34599.8633,14773.3164,227.6313,194.3468,97.9322,49.0144,286.8027,185.6441,53.3209,27.5552,368.3450,859.9892,769.6797,172.6946,171.3579,202.6935,194.5603,158.9429,187.0367,266.6662,120.9675,194.0537,312.5196,182.6665,91.4906,230.5728,111.3338,147.2737,142.7350,258.7926,297.0411,271.7253,406.4938,592.5355,413.1366,244.7785,255.7861,127.8351,170.1259,300.7147,213.7887,202.3123,162.1563,306.7528,234.6251,50.4370,70.1359,45.3350,109.5854,181.1594,96.2767,141.0879,342.0817,386.6742,148.1099,182.2119,99.6760,135.6021,168.9786,78.7877,154.8096,370.3174,351.3075,409.2792,"suck"
34638.3516,14934.8340,247.1503,116.1482,103.4584,109.9874,71.7404,144.5225,78.6891,207.8048,720.5632,605.4514,302.3455,708.3182,425.7954,276.7809,128.1081,217.5389,41.2527,160.1016,179.6604,60.4858,153.8551,105.7178,110.0869,108.0784,202.1582,131.8269,86.4939,132.7912,84.1358,215.5676,151.8322,449.4715,218.9235,135.8928,192.5619,402.8979,402.0995,189.0748,68.9238,171.3029,216.9454,182.3500,107.3555,91.0538,141.4801,160.9890,134.4136,76.8210,172.8556,146.5299,59.5583,71.8724,54.1078,193.8426,356.4828,248.1717,167.3239,205.2692,201.1870,221.2493,187.8714,156.6676,"suck"
34713.7695,14957.3408,70.2040,39.1554,20.1473,65.8020,30.2304,8.1246,21.8547,30.5438,41.9641,8.0487,20.6531,3.3445,22.7636,17.8976,14.3487,30.3026,25.5146,12.6148,167.2721,160.7783,49.6963,15.8100,12.5682,21.6270,65.1221,642.2256,368.7831,679.0309,287.1443,661.1644,795.2076,764.8357,383.0627,1.6352,19.4423,50.1189,22.9874,9.7130,295.2213,414.0810,92.9238,14.7614,8.8200,53.6790,77.6467,27.9666,14.4600,17.2458,4.5646,7.2482,8.6306,20.4907,141.6714,276.2313,106.4735,163.5557,296.3102,111.4166,55.3307,245.2124,295.2333,298.6004,"suck"
34664.6992,14907.7334,119.1836,82.8362,121.0742,152.9544,101.2099,77.6952,61.7054,39.8391,147.7765,278.9916,176.1937,191.2829,90.1964,204.8516,41.5433,78.3389,81.0424,136.6757,670.5229,551.5684,173.5092,43.8331,61.5098,56.0664,153.8101,656.7191,971.7838,860.5475,254.5161,448.4154,441.1001,611.1722,403.6220,126.0441,22.8314,150.6151,245.9356,146.9261,159.6993,264.1359,126.8833,83.1053,97.1988,117.6014,113.7414,45.8384,56.1565,146.4300,123.3387,115.3263,111.1506,70.9369,201.0143,272.5774,66.1681,131.7557,213.3514,74.2199,70.9198,450.2473,493.1819,439.0276,"suck"
35565.4336,14815.3506,186.0016,98.2304,132.8259,84.0424,84.0676,194.1430,150.0338,126.6091,101.8032,214.7502,184.6880,124.5502,244.1503,207.5489,42.6416,131.0740,52.6567,158.3808,215.8784,238.8179,273.8745,141.9224,32.1670,58.4839,142.8167,228.0090,200.7530,172.4670,116.5295,38.7880,141.7106,115.7244,82.2306,91.7203,154.0473,83.5353,252.1704,289.7519,211.3565,282.7480,348.9854,262.9472,140.9296,173.7891,130.7903,52.0998,101.4271,89.8489,62.2055,100.2551,188.4159,104.5682,140.7189,187.9675,110.3123,129.4320,236.5679,138.7833,140.6676,225.5310,196.6583,66.9265,"suck"
34750.9883,14885.0020,148.5171,206.6919,80.2763,42.9986,75.6754,149.3887,118.2640,94.7420,125.7609,92.0104,89.1525,121.7890,97.4894,299.9715,155.6435,154.6739,333.9543,233.6562,194.2126,328.3372,178.4277,159.9725,147.8420,83.1572,113.2235,84.6422,112.7721,152.2792,200.7196,334.4044,189.3142,116.0505,263.5344,62.1079,128.0970,120.4621,205.0459,275.9423,196.3651,241.1599,266.4194,80.6894,233.2710,229.2848,43.7751,228.7306,263.0602,114.2210,125.4002,157.6893,137.1469,181.9640,110.0908,53.5091,78.0721,127.3137,102.1709,131.6762,339.2709,243.5517,397.1063,399.3692,"suck"
34554.2344,14865.9131,192.7529,194.4997,105.3748,150.7977,121.4612,99.1124,66.2112,118.8289,256.8687,348.1032,327.7041,295.3775,308.1384,305.5343,235.0142,124.1423,53.3273,249.1468,238.9363,221.1045,65.6273,250.3504,218.7134,221.8158,250.6973,76.9975,103.0235,113.2209,189.2690,241.7736,307.4535,142.5796,47.4555,52.7180,99.9801,118.5887,85.3208,89.2248,80.1520,80.0778,71.1672,26.5368,92.8823,243.5290,347.4674,328.1862,146.9108,79.1803,152.6485,208.5089,49.3407,151.9821,233.1421,279.8909,289.7596,218.0273,401.5244,366.1065,278.9092,145.6152,193.4284,744.0127,"suck"
34588.0039,14887.4580,37.3167,251.2786,311.8279,336.6991,94.6351,153.9945,152.0217,84.2335,88.7272,113.6425,269.2843,149.7456,185.6999,379.9409,258.8934,260.1357,398.6042,327.6451,230.4145,231.3026,274.7570,165.8463,59.0447,265.1400,242.8373,118.5071,122.9996,75.4705,146.8450,236.4661,136.6203,63.9359,147.3290,151.7195,48.9665,90.4859,88.4507,69.4998,88.2966,116.2399,134.1508,173.4536,62.7173,137.8842,73.7444,13.4981,150.9317,226.7309,332.6193,378.0063,204.5622,329.6794,270.3542,341.3121,83.3745,299.2699,585.8074,581.1928,177.5979,429.4520,707.6173,516.6869,"suck"
34255.5313,14757.3135,90.5621,180.1662,196.9865,297.8890,257.2761,26.2763,137.5249,212.9653,107.9358,234.8599,347.3237,357.6481,322.6836,272.2721,160.3495,114.8238,118.3307,201.0032,306.5915,329.8968,223.5670,101.4004,77.2788,76.3514,128.9189,44.0869,182.4179,183.0182,280.6921,430.8214,391.1167,170.9319,47.7341,69.3758,160.0221,205.1613,235.7399,209.8949,180.8210,77.6599,62.7274,123.8869,142.6505,86.4802,103.8348,41.9806,268.6020,253.2327,96.9905,337.2708,494.3239,187.9318,268.7367,209.8136,76.9845,367.6029,419.4849,291.5180,61.2430,297.8024,277.7572,78.9767,"suck"
34417.2734,14680.5791,197.5741,145.8285,90.9424,160.5473,141.0288,112.8392,90.6854,188.0769,110.2069,82.3092,87.3050,159.5995,243.2890,156.6490,54.7561,223.1575,345.1997,213.2445,94.8883,49.8629,107.8946,117.6796,130.0076,21.1494,172.1325,161.2417,178.4110,157.7855,136.3606,261.8598,157.9505,117.8981,59.7624,78.2699,134.6008,123.7633,95.6626,143.7646,91.5330,86.3991,133.8298,273.4150,207.9057,201.3739,479.7848,300.5439,333.4598,124.9177,40.3642,220.9171,245.1268,160.7679,198.1960,270.4471,221.7770,13.2377,250.1897,464.3786,192.8292,518.2864,410.2301,210.9899,"suck"
34764.9375,14984.1465,170.5118,88.3142,126.8768,31.0437,116.2115,49.9712,30.1109,66.4727,110.1957,55.9579,33.1173,22.7568,76.7422,92.3877,71.2186,59.4264,56.6754,104.5614,88.5659,104.6693,83.2740,26.2424,93.4884,228.4186,133.1746,239.3303,141.8806,23.4986,167.8833,280.1241,225.4488,93.1931,137.0303,174.7215,165.7907,144.1987,54.0306,87.8144,68.9651,153.8939,105.5914,80.5041,84.3421,132.6829,124.1314,34.7950,13.0925,145.8255,80.4293,28.7347,62.9418,59.8786,92.0919,58.9875,152.4927,173.7434,294.5744,385.5008,342.8961,208.0139,206.6578,369.6732,"suck"
34648.9023,14958.9131,182.1943,40.0182,96.7485,67.1921,94.4248,109.1066,114.4207,263.6876,195.0430,245.3601,245.5161,246.9942,214.3007,72.3923,39.5652,152.4235,158.5973,66.2688,40.6856,129.6376,202.3013,189.9010,39.8875,148.2533,76.9135,142.4232,215.3618,133.5854,84.9386,75.9890,92.1760,45.4770,59.6127,43.1366,81.0960,168.2744,316.3413,752.5613,1141.8568,593.4610,133.1733,97.6534,76.6212,177.4290,147.7349,67.1834,83.1004,74.6453,69.3971,15.1781,68.3253,89.0861,52.9789,180.4720,156.0065,86.4617,45.9460,133.8182,235.8707,108.8670,144.0179,300.8059,"suck"
35578.9063,15361.0342,529.1950,1232.8956,567.8777,270.6534,283.1993,715.9406,603.4362,471.0822,271.1967,938.3328,644.7073,136.0137,346.6211,137.0091,119.0649,372.8194,268.8024,222.3789,216.0945,331.1919,152.5615,78.2497,198.8313,107.5767,200.0596,165.6016,121.1629,94.3169,177.2279,34.0684,373.8902,207.2228,297.7950,50.7645,116.4671,144.5591,162.8167,304.0614,464.9734,778.0814,730.2425,738.9548,654.3558,617.3102,708.2267,199.9469,598.9439,13.8656,14.9095,148.4931,121.8639,224.9817,32.0539,569.1270,868.9456,679.9250,701.6752,185.3544,385.5404,539.7580,1013.7440,940.6174,"suck"
34298.8555,14687.3252,231.7728,138.5230,164.0523,322.6167,426.1089,311.6303,316.4817,807.1105,839.1144,502.3044,288.1522,411.0541,288.7893,745.9645,438.4605,99.7781,107.9013,483.4909,711.9946,979.9406,515.0110,316.1101,669.2932,975.1851,1053.6776,793.3279,520.2581,267.5869,521.7161,365.0414,399.3279,339.2950,299.8806,376.2110,283.9405,359.6667,695.3949,382.7038,87.8549,560.2166,652.2469,694.4979,878.8327,504.7065,543.3046,287.9979,361.9998,30.0298,412.7777,233.7741,178.0270,294.3463,232.3469,654.3698,810.8898,577.3755,736.8983,632.0139,564.5873,387.1632,666.1721,688.9173,"suck"
35218.4922,15038.5361,501.3435,406.9032,562.2250,706.8652,611.2425,363.3495,62.8217,334.0751,542.3007,541.3654,862.4342,338.6457,501.5153,59.3468,465.1033,266.4819,359.7270,662.4871,862.0051,131.5597,966.0681,1154.4025,360.8851,552.6348,244.5793,94.2451,303.4392,679.8691,695.5593,403.1895,525.5282,473.5930,480.7887,187.9445,64.2643,507.2195,676.3391,519.3473,200.3174,272.4659,726.2256,648.8289,564.8811,940.6021,510.9403,591.6458,748.6395,788.3814,609.5137,197.7912,171.9135,369.0880,175.3683,251.4173,429.6467,687.0530,736.5901,974.4553,395.1175,486.3080,1275.0964,795.1471,"suck"
34390.5781,14711.0049,195.9110,207.6288,266.1930,146.0479,532.9298,388.1652,189.1164,344.0431,185.3422,328.0935,626.2356,349.9041,553.1174,477.3907,158.2619,296.2462,495.2054,306.1642,977.5724,849.9074,535.0724,741.7118,719.0388,1168.5387,728.9232,307.5186,757.9385,743.5336,1402.9425,485.5758,117.3521,487.9182,1323.1659,1692.9796,1030.6896,839.2703,531.5422,912.9451,857.8444,921.3289,559.2148,508.9969,315.6833,334.3342,518.4373,549.5943,470.0688,119.9913,396.7706,656.7909,670.8316,457.5960,163.6420,697.5223,641.5040,299.9761,408.4725,626.9625,781.9476,1481.9802,1685.3877,1221.3760,"suck"
34451.1016,14724.8555,412.4646,661.8394,666.2402,307.3251,407.4259,654.8504,675.9787,397.2678,267.4041,385.4879,219.0343,131.9935,1057.9142,1236.8126,151.8095,166.2656,159.8180,509.6919,718.7538,714.0272,746.6075,40.6980,125.2740,305.3527,415.6827,524.8123,1735.5847,2006.5811,805.6863,606.4705,1451.2026,2264.4263,1296.8812,769.6812,615.9582,970.5557,1874.2312,555.3594,773.3733,883.7820,732.4678,519.9516,851.5034,1371.6820,785.8170,993.9536,780.1021,406.4887,565.0805,543.7379,199.4077,299.0445,108.1233,923.0600,643.9501,163.5948,370.8376,750.5030,666.8713,857.1094,1644.3209,830.5499,"suck"
34349.1992,14704.8154,185.8775,442.9792,909.2901,952.6674,521.8602,462.0819,719.6364,1161.5043,806.2554,407.3400,808.0012,1223.1912,818.1585,299.5471,309.2159,542.7809,857.4918,356.6712,271.7119,866.4985,623.2476,674.7992,594.9781,160.3361,381.8394,303.2258,259.9848,759.5600,452.6214,685.5678,19.4820,354.4590,760.4434,672.1213,990.7297,1224.2314,977.1483,518.4240,392.8376,587.9811,539.0616,261.8196,306.1518,884.7574,1158.9359,536.0471,564.3834,674.7154,381.1177,260.5207,119.3236,335.4963,360.8058,914.8314,984.0505,1038.5530,431.0795,816.9615,1259.2063,1409.0225,1138.5203,368.9329,"suck"
32565.9570,12768.0723,1287.3550,179.2658,2300.7300,1847.1862,1101.0688,1192.4143,1119.9364,1909.8846,1392.5913,307.7357,676.0597,1798.8821,837.7466,238.5679,313.5630,1059.9100,969.0854,1333.0291,629.3698,1014.9715,1704.3820,1612.2009,1052.7271,1103.6620,320.6025,1656.4221,2759.3872,2526.6292,1420.0331,1167.2716,1744.4198,2616.3218,1333.5571,231.7847,1174.2493,391.7556,1280.4370,1831.3745,700.3364,601.1535,1429.2728,2593.6055,1602.7214,862.2069,609.3454,1626.6765,1423.6650,2355.2903,1423.1558,559.4778,882.4681,491.3755,1183.6956,3053.9973,1586.1572,842.8422,1487.5369,2208.0901,818.4420,969.0724,2536.2078,2533.4204,"suck"
36037.8867,15072.5742,1165.7993,676.7164,146.7531,1605.2883,1745.7753,1873.5656,1572.0878,2828.3479,2270.0527,1038.5963,853.2614,138.2720,955.6178,58.5647,3081.9915,2478.1582,1251.2479,800.1679,638.9943,861.6668,602.6120,1172.7538,794.4486,863.3217,2484.8093,1110.8757,2005.3390,1991.3020,2873.5105,2366.3411,329.3473,1032.1570,637.0464,683.0729,3241.3894,3397.6152,1372.7628,726.6474,1216.7660,1472.8762,2652.1174,1664.3104,550.4692,1317.2882,178.9943,1499.5215,768.5942,2089.5894,2300.4460,1217.6482,1809.2766,1044.8074,2384.3816,2296.0662,2555.1797,1675.2843,1478.0557,2081.6411,1560.5223,1203.9590,2202.9204,477.6245,"suck"
33535.4258,13191.1025,3869.0154,3390.8218,4326.9370,4954.4829,1317.4502,1809.1801,2350.6575,2995.0693,2716.0725,409.5482,810.5792,404.8325,1527.0759,2238.8875,2364.9988,1376.3456,1665.1663,872.1411,546.4899,1968.0441,911.1335,1738.4301,1351.6389,684.5816,1501.7753,1789.1952,1667.2318,327.7076,2264.4858,3211.8772,2336.1316,1634.9595,1614.8212,1359.7462,1193.0455,1887.3116,2481.0210,1363.6305,2491.7937,2188.6492,1312.5638,2973.4275,848.7100,2338.8730,2908.5872,2118.3647,2155.8584,1132.8677,370.0841,883.6434,900.8317,1100.3743,921.1580,586.0886,834.6414,877.9462,861.3361,965.1562,2344.5830,3901.9880,3212.0972,1072.0148,"suck"
34438.3828,14790.4932,1028.5160,1681.9590,2837.3706,3741.8018,1301.6704,351.0973,1955.8243,1121.8816,2043.7706,1360.8512,2183.5112,1421.1605,1315.9958,1307.3326,2871.5012,1742.9330,510.6020,2466.8406,2389.7942,809.7867,1709.5858,1187.8625,1192.4163,2139.1321,1513.2653,1302.5814,3614.0020,3604.4258,2984.6414,2967.7495,444.5232,421.0801,2327.8352,2855.4351,1787.1259,472.2280,1003.8629,658.1971,192.4492,404.4964,1316.8867,636.0852,1043.4458,2510.4968,3249.7659,3557.4075,3097.6997,913.7916,1499.4133,2550.0955,2643.4050,1729.2358,433.1853,452.7239,1586.8124,1141.7977,1600.2877,1386.5038,916.1022,1582.2421,4457.5327,4605.1885,"suck"
34548.8789,16652.3594,3834.2942,2047.1097,808.3810,1744.1923,2430.6472,2648.0552,1901.0219,1623.5302,2554.7173,2222.4790,3161.5740,2924.0107,1753.5779,1059.3206,1736.6572,410.7889,1329.6503,986.1295,1499.8945,1152.6642,2397.3486,1273.1094,554.8732,760.1954,905.5854,861.2298,3311.3269,3001.1465,1557.4142,4098.0659,690.2759,1572.8586,1860.0497,3954.0962,5474.2656,4161.2485,2052.7878,1560.1656,610.8195,1450.2135,702.5967,2545.7598,2235.0662,2007.3693,2963.8840,3625.8491,1394.6471,1149.3788,1422.5184,232.2371,1598.7521,2139.5657,784.2538,1587.1345,2139.3518,1563.8660,2499.3022,3206.9773,791.1089,1069.6802,2736.9956,4822.5776,"suck"
34723.4336,15285.1348,3003.8684,3444.4888,2491.3799,2253.6003,1865.4871,2532.3469,1251.6443,646.9703,1204.6958,1509.4346,2129.8313,624.4679,2453.6833,2496.4351,2112.8870,4702.9639,929.0832,2103.2690,349.9735,157.7914,909.7821,460.3353,1237.2570,913.4017,1384.3051,332.5734,809.0088,383.7474,1430.3816,2145.5027,1072.8579,3008.5669,3711.0732,1869.8191,2029.2472,2918.1826,2054.3789,1976.8445,836.9384,838.5439,1401.5209,334.3827,2067.0808,3249.7007,3752.0308,560.0760,1885.9802,1424.9373,937.2662,1246.5494,434.2318,258.7193,621.3003,196.5257,927.0202,758.4530,1779.8687,1955.1654,457.4098,2589.9614,2154.7354,2644.8320,"suck"
36836.3438,16114.1826,1066.9680,202.3061,1570.7788,1080.8335,441.9729,570.9547,2158.2241,3194.6230,3133.1628,3004.4167,3512.1528,2671.2051,143.6067,2498.6624,4707.3442,3061.2222,542.6271,838.1721,257.2595,539.6902,1076.1841,1390.8478,501.7974,299.3577,1739.7014,3043.7703,2412.4766,1263.5808,2331.2219,714.2008,2144.3748,2421.7629,1894.1454,1210.5197,746.3137,1279.0439,1637.2728,972.1558,1154.3002,839.7814,579.2933,330.0034,638.6806,1880.8113,840.8010,1219.3760,490.7365,1800.6747,1208.2848,874.7666,2001.9904,1998.3876,1561.6061,312.4075,63.9838,1509.9014,855.0608,643.5477,1043.3737,368.6946,894.3759,1722.9855,"suck"
35801.9688,16478.0039,2332.7173,1242.5842,282.0617,386.8911,396.7895,1271.6504,1742.3459,427.1430,2125.6848,2402.6421,842.9870,626.6628,1933.9230,1521.9517,1424.3158,2163.2583,558.6470,1887.9199,2115.1394,1937.5530,4394.2959,4558.8975,1421.1106,739.9561,666.2620,1094.5430,1793.4303,1122.4369,1522.1141,1219.4591,971.4136,1232.8655,1264.7079,764.6687,1160.7933,1089.9138,1908.3593,756.9709,2482.2578,2432.2788,1012.2147,1244.5150,1640.8903,890.5475,271.9196,1411.1536,2809.9531,2855.0686,2068.2502,3115.9565,3019.9902,3368.2085,2523.3655,927.9607,1790.0010,1902.8356,1683.9763,918.2781,1151.2408,1906.6805,1779.0125,1631.3309,"suck"
35920.6289,16386.8105,1589.7153,1345.1030,1777.5188,1134.7981,739.0645,1096.3969,1077.7687,476.4846,734.2722,1179.4896,1519.3625,255.1536,1269.4568,1421.3949,2361.4695,4077.7502,2564.5242,574.5735,1663.0791,3397.2361,2611.1934,988.0916,574.8002,631.6328,276.6443,1559.4211,1603.3831,615.2599,1718.3811,1405.6089,364.5486,1968.3901,1395.9213,414.4118,691.8407,1288.3390,1867.3018,794.0145,164.6910,2556.8320,2845.2905,1093.9656,1364.4635,858.5512,1101.9650,1347.4783,1291.7811,1291.6525,1711.5068,2429.3574,256.7718,2465.8967,2732.0664,3245.9326,2477.5056,1529.6768,1077.4541,902.7465,2183.0305,1777.1105,1684.5593,627.1183,"suck"
34256.0117,14363.6973,729.6703,473.7055,735.3560,379.6216,423.8290,855.2077,728.6720,842.9586,1010.8456,706.3484,510.3072,414.9548,348.7700,609.3455,448.6433,281.8947,655.9841,644.8446,150.7692,441.9352,535.8564,1012.8392,692.9487,1548.3903,918.0889,882.3481,683.1266,469.4898,712.6948,369.0958,1001.3962,962.5571,1133.8304,227.3017,287.9314,691.2365,599.6185,1016.1025,146.9369,831.2923,896.7504,723.5768,491.6675,386.2750,463.1328,586.0770,549.7864,558.8525,401.8677,289.6772,333.8727,206.7729,872.3077,1133.1086,894.7089,541.6892,1158.6855,668.6002,58.6406,652.5591,676.8588,969.9054,"suck"
32777.3906,12818.8398,1911.3687,939.3965,597.6597,1478.3153,456.8134,493.8085,793.3648,669.2311,209.0671,142.1851,1425.5898,1799.0598,1464.6858,50.3319,1072.2164,880.1631,1385.2808,1942.0514,2055.0991,986.1153,474.9133,1724.8577,1153.1755,169.7460,554.2488,445.3778,570.3655,1102.8466,895.6454,452.3743,1259.4719,1292.1489,1279.1970,966.1176,1469.8154,1629.0602,850.6366,360.9774,1020.3282,982.5573,1201.1537,1489.0107,190.8035,1006.1857,146.3803,969.9177,1739.7920,1046.7086,1156.1559,414.6251,357.3175,715.0981,669.6544,1481.5557,2278.1553,2172.9182,2739.9573,2601.5183,1469.5387,1039.9967,389.2176,1825.5872,"suck"
36035.1719,14779.5664,2136.3181,1981.9449,984.8786,1320.8849,1851.4065,2728.8792,1680.8395,874.6345,658.1390,1125.9520,984.4106,972.7051,1237.1418,1184.6738,681.2202,349.2192,468.8221,807.7987,631.2191,960.5725,1124.2084,790.3712,1055.8373,555.1384,488.9828,994.5461,449.8748,1161.5052,1246.0199,1092.5913,1017.9706,180.4004,387.0158,656.9850,1497.9816,1150.8263,578.7282,1162.2744,845.2373,403.5453,325.8367,1435.0980,2429.2424,1151.7539,1009.7914,681.3635,610.8130,228.1971,411.5925,1214.7155,1058.3032,69.2091,1432.0242,2604.7290,2024.3083,1375.6854,1067.9031,1573.7444,1326.1919,488.9727,425.2776,909.4940,"suck"
34421.9102,14819.5352,128.6553,164.5333,254.3232,59.0438,216.6855,172.8801,157.6694,343.9414,139.4227,214.3101,186.2996,287.4636,291.9472,110.5360,120.3982,135.5267,551.1467,395.7836,193.2790,202.8509,188.5330,170.9200,48.3106,206.5080,127.1298,159.3938,322.0408,123.1041,267.7322,178.0977,230.7545,177.7605,108.6875,126.2647,363.6841,337.1975,1417.7194,2183.1370,1973.9171,1082.1489,461.4439,300.1561,184.0379,277.4104,252.2342,217.8891,92.9651,208.3458,389.7632,214.9724,131.3066,164.9510,493.6007,318.2722,285.7290,252.6166,306.3260,200.9451,344.7440,553.9172,386.0441,208.4953,"suck"
35896.1836,15268.1201,1049.6746,866.9589,939.9827,879.1646,463.9161,437.6312,724.1192,491.5210,341.5933,688.2738,806.7789,430.0364,1156.1090,893.0051,544.6065,852.9351,1165.7057,1091.9558,408.0175,269.6943,431.1204,178.8147,657.8365,201.3970,274.7926,681.6678,811.4479,691.6439,292.3689,191.0650,327.4574,391.1046,130.1414,41.3364,191.5275,700.2512,601.9919,359.3490,378.2698,579.0977,660.3130,653.3118,524.0717,377.0488,182.0141,263.1818,474.4914,597.1639,575.4926,304.1449,652.9250,639.7969,604.0728,928.7208,598.6538,171.2218,243.9802,425.4424,369.5124,828.7872,1073.9072,806.5248,"suck"
35130.0000,15390.3037,652.0505,73.0909,82.8483,71.7004,159.3171,416.8458,224.8775,218.0964,528.9903,602.9417,412.3325,195.3006,385.1778,388.1360,228.2793,415.4323,479.3659,327.2594,605.7039,769.0260,334.8196,171.8446,501.5833,205.5325,103.1359,181.1084,365.8513,267.1409,94.9734,142.3327,241.7621,544.3994,497.9001,658.2902,525.2908,252.8313,77.4180,483.4423,705.2308,364.3098,219.9894,276.0291,520.8607,736.0558,214.2892,328.7306,426.9603,446.9385,404.8416,511.2038,384.1770,268.2424,175.2518,811.6275,1009.0479,469.7053,225.0749,237.6155,511.6199,297.2928,600.5180,779.1678,"suck"
33899.5039,14539.2881,698.3348,748.0226,467.4759,1296.5664,1511.2145,1370.7507,1269.9177,294.4605,691.9868,357.2493,304.7497,817.3155,976.4575,1040.7687,820.8821,183.6391,457.7731,874.8682,1460.6125,2171.5713,1319.1204,964.3145,1340.7239,162.1594,284.9410,650.3304,489.5002,310.2909,207.2308,453.7895,627.5240,379.7721,1005.7923,726.9549,438.2064,797.3665,650.0078,489.3479,127.5418,307.5283,248.2611,284.1316,970.8772,785.0135,1161.0975,1495.9158,1259.5562,573.4288,76.5451,695.3220,820.1037,1203.7611,255.0927,230.8042,1274.7861,1606.9470,1560.6930,737.7120,493.9835,161.4303,327.5064,415.4235,"suck"
34733.9297,14938.5850,707.5767,413.4950,455.6181,694.4133,610.1291,1249.0321,1069.1425,840.3035,375.2810,658.4925,956.0916,1055.0614,576.8230,551.9316,776.7830,335.5209,459.6530,802.4730,656.2964,245.7220,508.3823,172.6100,778.0526,470.6475,304.0886,759.1486,334.8860,521.0483,368.8692,829.3979,1693.9250,939.0575,413.7156,829.1160,418.7550,865.2885,620.9031,595.6583,1167.6661,1186.5930,1056.2910,1314.2411,1093.2627,510.5780,1314.3636,1223.8983,254.5699,746.9540,643.9954,488.1281,452.3945,539.2082,722.6221,930.1246,854.4980,1702.2258,953.8460,544.9771,1101.9552,508.0744,1735.6205,1247.9469,"suck"
36495.0195,16526.9434,1995.4630,1516.4879,1696.6123,1462.6222,1164.7583,1143.5205,1014.5325,1431.5159,827.1967,1310.0186,1665.6464,375.1857,1515.1302,1490.2794,1609.4325,1414.2971,1248.3760,422.2741,1127.8738,833.7838,597.8425,327.0259,215.9175,478.5518,1364.4752,729.8495,440.6854,254.9095,253.7893,374.0860,1620.4435,1037.4109,600.6979,492.8546,933.7950,1089.3784,1077.1600,812.1632,435.3993,1206.6549,674.0129,996.5538,507.4345,869.9692,1317.9425,1573.7180,1340.4956,443.7647,547.8508,418.4450,757.6564,83.4129,1402.5823,890.3372,477.6286,177.1744,286.2433,1791.9164,1666.7568,702.1284,924.2131,1012.1008,"suck"
36083.0195,15752.3096,925.3601,89.4125,1193.7452,1337.1062,475.2340,704.2443,323.9699,327.8423,724.3834,950.2001,878.8923,1178.8671,1806.0582,911.6096,254.9256,669.0202,954.3049,997.7286,414.0130,472.1807,736.6012,414.5699,889.5143,1135.2063,516.0715,213.3203,734.0099,395.0725,118.3034,244.1962,871.4969,1421.5658,1111.9619,447.3253,708.6632,1415.0675,1056.8469,196.6873,282.2155,428.1817,641.0217,1358.6356,1539.8760,506.5002,675.8788,334.2232,169.0146,229.4132,776.3270,803.7787,562.5143,972.6040,75.0455,726.2970,424.6906,401.2914,357.5435,1156.4751,1560.1980,1119.9197,389.2431,746.8429,"suck"
35948.6055,15337.4307,1628.6075,1091.7194,904.3545,1538.2587,1702.4299,1673.0601,1423.0483,551.7170,634.2823,1071.7112,1285.2303,724.1151,931.1575,1199.5597,781.3103,157.3814,153.8389,760.5435,696.1757,2127.8499,1176.0503,397.1495,315.3118,362.9665,714.9530,581.2527,421.5568,778.4840,590.9769,752.1002,202.0284,1105.7882,692.1537,1215.3679,1260.2322,1165.8513,1079.6140,545.5847,394.3608,426.2444,828.0881,1076.0184,92.0448,277.1421,869.9449,521.7456,269.7662,755.1469,545.8046,265.4173,238.8384,975.4520,1278.2091,789.1218,832.8536,708.1265,1077.7329,1221.8127,476.3551,145.2095,275.4926,294.7624,"suck"
36333.1641,16105.5381,238.1289,951.7087,1534.0538,2190.0171,1797.5911,1727.3121,1161.9381,105.6732,717.4765,650.6231,177.1995,379.6551,658.9532,545.2916,425.2641,217.7743,783.1580,454.8154,763.2743,783.5266,981.8790,492.4305,803.3909,424.5966,495.9931,1005.5855,388.0388,1113.4642,768.9245,1028.5127,1213.9886,1077.4738,757.4691,863.2104,789.2300,1503.7388,405.1034,638.3381,591.4824,387.7001,171.0921,567.6661,1143.8615,1100.2250,1569.7013,1637.1410,231.2485,1220.2224,767.3315,1507.9536,1782.5305,526.0735,1072.0836,727.8267,1055.2797,339.0087,426.7841,947.9076,938.4606,465.1025,530.2882,944.4615,"suck"
35557.7813,14740.2412,799.1843,425.9752,399.0484,462.2403,815.6337,450.6949,1045.7526,591.6494,301.5739,519.8043,1229.7769,1311.9722,687.1709,569.4973,354.4949,623.6400,291.1707,737.3268,540.3409,827.3361,1312.4513,922.5551,457.6123,609.1134,755.0295,643.7189,699.0524,108.7697,655.6850,253.4416,681.5721,352.0317,546.1987,686.2352,195.0038,720.5599,606.6298,967.5818,1140.8552,890.2255,1024.1659,1005.6793,818.4530,1181.9926,313.4662,452.5026,323.8692,877.2097,753.4174,702.9116,950.3160,994.0116,1151.5934,988.5563,274.4633,1054.1003,777.5081,655.0846,856.3739,726.8757,155.8457,845.9276,"suck"
35980.1719,15580.3506,628.7823,1259.6016,701.6058,612.4340,1297.6233,1075.1433,627.2349,1444.6467,1227.4868,895.6158,861.2642,1694.5256,567.5045,467.4482,744.9937,256.7008,1008.0175,532.5350,295.6100,767.4219,678.2397,607.3915,380.8577,339.6639,334.9702,418.3763,899.7387,1200.9303,1211.5938,529.1274,211.8044,586.4656,461.0813,394.6948,310.4936,222.9425,246.5013,422.9166,401.4402,385.5913,407.6888,1051.3810,1091.0016,933.8904,791.8755,592.9363,428.6419,302.5876,673.9872,925.1296,397.6556,478.8050,400.8570,1155.6647,1179.6144,500.7115,111.2935,334.5084,214.8717,506.2331,605.1557,339.1145,"suck"
35016.0313,15278.0410,1209.5637,1465.4502,378.0200,702.8645,469.8084,560.2520,1012.8423,1314.5642,1003.8513,1454.0382,979.4299,329.4245,911.6610,994.9883,1153.3007,1066.1473,476.8893,685.0129,317.5775,1582.4956,1228.3654,91.4007,481.2063,460.1924,308.8645,303.0327,471.1592,504.3080,662.8703,900.0663,503.9742,253.3358,359.2468,1246.5537,1319.8258,172.3270,264.5616,541.6954,978.3537,853.0965,397.1698,311.6494,552.2504,598.8412,888.9381,585.8781,593.2388,566.0580,625.3510,779.3105,223.1259,412.9231,530.2020,187.5341,668.1601,651.4341,262.0226,548.7189,507.7162,518.7859,507.7986,613.5377,"suck"
34584.1133,14683.0947,190.3383,251.4709,184.2631,155.1775,100.8898,334.3374,263.0883,80.5272,221.9904,176.9462,118.8474,176.5049,71.4034,138.0006,177.6945,106.4453,331.1276,442.6994,269.4039,750.6557,1033.2135,437.9063,561.3851,719.6520,548.9274,528.1965,634.9626,298.2742,142.6831,115.5442,250.3201,185.9466,366.9309,199.6461,417.5401,250.4643,309.7275,326.6544,297.0233,402.3877,572.8529,305.7542,238.4133,222.7352,310.9508,721.5712,598.4438,536.0324,807.1527,648.1528,485.9152,450.8350,267.9572,688.4573,358.8798,303.1822,438.4609,358.1662,540.0507,968.4073,562.4451,302.4408,"suck"
34673.2383,15142.7773,751.3023,12.9207,944.8486,343.0791,775.4021,676.4197,310.4469,875.8763,1397.5110,1750.6212,1583.5081,694.4352,588.3222,560.8147,856.8329,382.6652,225.9981,414.7039,618.2279,181.9006,233.6637,462.2725,774.4821,515.4785,208.0562,234.8804,381.2746,322.8417,631.6715,509.7287,337.3047,700.8738,1169.8326,877.7283,1098.8342,645.9162,400.4023,350.6490,740.8209,678.2378,756.3657,727.1488,247.7766,137.7984,785.5917,773.0395,399.3378,428.7025,429.4775,735.9016,519.1209,364.4187,318.5753,1096.1520,1100.7725,252.0611,908.1439,951.2510,169.6422,880.8848,1001.7905,1305.5204,"suck"
34657.2656,14771.1807,347.8753,162.6010,227.8300,105.1618,290.2162,205.0590,60.8661,343.6746,586.0520,355.7881,178.1349,179.5420,234.7639,92.0798,278.1650,522.4956,533.9879,616.1500,346.7217,551.6508,226.5804,618.5011,673.1753,382.8791,178.4612,154.5592,133.7084,360.7167,362.8070,193.7473,352.2212,37.2902,226.8323,181.0768,231.4270,251.8392,290.2218,181.6727,46.2828,159.8914,340.3559,232.7182,432.7896,361.2980,735.0414,728.8245,381.7071,396.4070,437.8861,298.5401,68.4534,332.3709,167.8267,363.0089,276.3864,115.8898,37.2333,83.9232,229.3943,224.3314,68.6084,588.7041,"suck"
34432.1211,14675.7324,192.2144,317.7496,259.7692,570.4505,519.8149,379.9797,388.6373,283.8843,394.1724,633.6156,336.7118,322.4339,242.4346,617.8325,516.1026,707.7560,699.7195,903.2197,330.3748,436.0782,646.4909,732.2477,670.4706,290.0401,489.1536,335.9738,254.4680,167.8681,148.9232,175.9126,390.7893,215.5690,179.6137,179.3099,138.2090,476.5047,252.2639,244.1962,473.2677,163.8322,699.6107,652.4496,256.1507,75.6925,341.2245,710.2438,692.7084,304.9581,396.0045,208.6646,309.7448,589.6382,535.6100,712.9844,837.9597,396.7467,367.2384,314.9014,554.4619,684.7057,689.0901,634.3387,"suck"
34814.1563,14900.5186,402.3110,270.1880,76.6273,80.4425,270.2047,181.7573,240.8691,269.2723,634.5923,439.0224,264.0961,71.8251,234.0504,266.7367,368.0021,321.6721,234.4094,165.9066,282.9938,45.9598,274.0208,355.3350,521.4423,369.2448,99.4399,223.2294,372.5612,407.1125,370.6967,441.7921,374.9117,320.5095,384.2617,318.3225,82.5422,141.4143,181.7370,112.8641,42.5978,230.9065,112.9121,207.4562,482.9041,448.6517,468.9756,619.2087,157.7993,390.1529,154.3768,193.9981,257.1660,462.1642,96.0973,394.8995,341.5800,297.4471,100.7234,530.1883,253.5608,234.4030,366.3087,51.6657,"suck"
35154.2188,15351.6572,492.6686,180.9481,125.4851,167.3325,161.4098,369.6905,254.6417,184.4337,115.3077,146.7398,115.4181,70.3648,152.5730,294.1143,303.8211,226.0727,371.8039,463.8865,375.2327,840.6433,482.9484,154.2966,126.9062,269.3677,316.9471,176.2540,354.7977,396.4019,489.1902,495.6031,447.7412,184.4622,246.8768,111.5726,49.3357,419.7801,804.8638,512.4131,367.6523,322.7054,134.1179,221.7912,12.2726,227.8425,238.2303,201.9961,268.2984,351.6410,311.3962,109.3188,244.8254,286.9722,127.6233,510.5237,944.4310,700.2979,256.9944,166.9617,380.4207,565.6846,286.2567,355.2831,"suck"
34656.4102,14927.4131,99.5578,167.3836,124.3167,52.0578,116.2443,231.9938,183.6715,192.6575,74.9234,236.0735,257.5536,94.9055,386.0314,215.3780,169.2362,327.6232,160.2217,347.1148,163.0310,353.2209,181.3757,409.4679,412.4000,483.3759,407.8708,369.6235,397.5605,306.7416,193.5315,259.7837,335.0409,221.0116,319.3345,102.7746,89.4319,32.3150,102.4083,183.7315,140.3756,555.6008,433.3139,142.0624,184.8278,155.4422,293.8910,518.2399,295.6415,395.3677,340.0885,247.8802,177.3871,268.0706,505.3629,308.8061,305.6576,338.5154,270.6870,479.6650,867.6644,579.5291,343.1255,558.9541,"suck"
35432.6797,15015.9590,210.0662,159.3983,185.7146,280.4047,85.3189,37.9774,106.5916,320.7460,305.4370,55.9869,140.8951,93.1692,310.1592,544.1230,392.8366,408.5812,571.2646,559.5502,347.8874,183.6134,63.4328,204.6537,348.7796,254.1426,234.1820,394.5384,82.5613,76.9920,150.7440,71.0093,168.6362,313.8333,248.1447,57.2224,109.9281,247.7886,299.2512,302.6251,325.3333,518.1784,383.3921,220.8255,298.8416,503.7852,529.2410,623.1760,435.9921,155.8691,153.3682,411.3687,403.2925,326.0610,43.7947,261.2427,295.9074,585.3555,427.9931,176.7927,118.7044,399.7473,461.0921,195.6020,"suck"
34579.6445,14887.8750,516.5968,404.8950,186.8159,81.7383,190.7419,228.1008,113.9759,163.7154,182.5451,177.6851,232.3239,507.5955,508.8929,249.1056,320.6653,409.3232,646.8344,772.6021,538.3441,337.1173,252.0387,462.0075,559.5615,399.2187,174.0971,135.6203,329.6085,229.6559,52.3491,244.0128,249.9871,168.2729,239.1295,177.5926,42.3621,120.0463,300.9893,148.7180,476.1093,1306.6838,781.2039,399.7333,301.6467,368.3632,220.5402,222.9489,252.1652,123.2289,276.0012,413.3860,535.9522,370.4302,224.4894,293.6250,250.8714,335.2469,412.7178,597.7702,583.8620,552.4684,494.3514,562.7697,"suck"
34713.7891,14868.0957,53.8455,84.6327,14.0603,81.5776,113.7516,135.9579,28.9123,57.2443,134.1847,164.8929,118.1240,182.8788,142.1317,96.2272,96.0331,40.6202,70.2313,42.7171,92.7301,102.2417,53.2297,29.2352,23.1780,16.7045,22.7607,14.3202,57.5295,20.2657,38.8595,22.6368,65.9513,119.9603,76.2992,68.0704,172.3472,164.5672,132.7806,61.3880,64.6825,71.1709,29.3869,12.3390,42.2855,136.3944,142.2120,88.9274,80.2818,142.2498,175.9919,159.7307,114.9300,67.0272,110.7733,164.4654,136.5721,71.6730,163.3150,306.8815,325.7029,158.2536,107.2110,151.5921,"suck"
34318.0508,13832.6602,991.7131,751.8222,1083.2195,672.0982,505.2933,549.0417,293.1423,478.7209,781.4935,707.3652,309.9920,477.5187,938.6262,398.3507,477.2981,964.4321,976.9675,204.0361,616.4404,265.7417,398.7207,183.0203,514.2230,620.8306,745.3975,529.4994,215.8759,104.9540,370.5666,230.4779,113.8465,212.5170,243.7965,541.9133,712.9509,691.6558,499.1996,382.1810,256.1617,570.5089,418.1804,365.7960,811.1643,654.2317,680.9874,724.4658,268.2140,452.5846,267.7329,206.1253,373.3102,494.9333,460.2041,461.4362,408.3568,258.0016,723.1901,458.5869,424.1001,255.7513,478.6313,592.6057,"suck"
33846.1250,14628.4678,1039.3250,1704.2480,317.8237,577.3778,772.2910,458.8208,899.7208,1043.9609,247.2369,1334.8293,1159.0345,704.3480,1025.2655,799.1384,960.8995,790.5001,1129.4445,983.9731,499.5015,590.5861,492.7368,183.6506,588.3365,722.0689,470.8708,381.4927,382.8035,310.3227,794.3708,1403.5555,1015.9327,588.2352,681.2557,356.5401,224.6138,641.9020,804.4516,707.9114,518.1997,555.0049,645.0238,27.4742,78.2912,945.1091,1533.7281,237.2092,1427.9368,1120.1472,314.0138,166.5449,337.8492,449.8073,476.4326,423.6376,762.6389,713.8885,1140.0841,469.0656,373.0375,216.7511,461.9642,523.1201,"suck"
34658.7148,14943.5693,499.5747,515.8391,498.8410,190.8094,169.9157,119.7686,241.3956,112.9293,300.9977,555.1882,324.2048,334.3979,546.6251,561.6043,26.8668,374.0324,313.7805,176.6710,414.1987,622.7364,533.4465,787.5399,703.8478,348.6229,220.1091,527.3304,254.6962,416.9392,242.7739,245.3284,47.0427,263.4520,391.6571,557.1909,282.4322,175.8518,95.8328,32.6551,369.2175,447.5465,269.6503,117.7276,159.3271,332.2589,204.5573,158.7765,320.7802,294.1306,133.1830,170.4814,271.7333,282.9826,97.2039,222.1741,312.2472,372.9434,220.1445,120.5751,260.0503,341.3422,338.9821,650.6708,"suck"
34903.9492,15205.1133,346.4155,210.8518,129.5657,118.5247,173.7755,407.5434,1106.8105,1244.8054,725.8009,136.6811,355.3761,439.5170,411.4834,112.9446,864.3059,559.0428,280.4893,230.2561,648.1084,676.1989,389.5269,783.4160,524.7051,377.2687,261.9842,247.7519,909.6010,1203.4937,1121.4220,672.8541,306.5056,476.8915,360.5055,448.0993,148.4968,228.0040,432.9784,808.0834,391.6300,522.3293,730.0731,116.0587,822.8619,357.8026,322.8117,502.6713,718.3893,395.5848,489.6978,975.6273,766.0959,451.1612,678.0594,692.3093,285.7400,750.8562,1280.0225,1422.1898,1116.6281,779.6614,2270.5579,1164.7472,"suck"
34266.5156,14789.9375,1037.0920,617.9521,1412.0000,1113.3972,458.8689,489.1490,771.2361,1728.7480,652.1790,986.2172,563.1533,360.1837,296.5251,561.3154,369.6005,794.2175,888.4671,1062.4731,199.6499,577.6178,346.1102,487.4485,388.4807,586.8220,431.5500,958.1696,1229.2393,652.7498,978.7380,1489.2565,1359.7736,267.0036,702.1356,553.8543,804.9354,346.1534,370.2154,855.2810,530.1165,568.4236,291.0555,1851.1262,2862.3833,1682.0056,308.4336,1148.8219,1008.3826,388.4608,51.7518,547.2488,937.9489,572.0847,827.9633,1721.6766,1022.1277,117.3376,697.0367,1187.0006,1090.6221,530.4881,471.1560,1190.0251,"suck"
34963.4453,15306.9199,631.9513,810.6589,686.9847,871.6055,1328.3641,1137.0664,935.8164,821.9813,506.5222,280.4150,798.8210,672.8867,195.7151,266.5292,420.7103,286.2990,276.3457,268.6304,341.2635,623.6960,766.5695,841.3393,453.0667,380.8652,798.5778,984.6858,685.7249,875.0614,920.9630,620.8859,690.4404,455.6177,261.4655,279.8725,504.7365,442.5924,226.1480,158.0774,666.0388,857.4236,493.6942,580.7323,431.9106,402.7495,403.2911,213.5779,658.8270,335.4819,925.6799,858.6776,371.8559,734.8453,114.0001,872.8969,1200.8910,842.9782,1230.9697,970.4252,400.0899,1027.6982,1609.9211,1329.2791,"suck"
34456.7578,14926.2656,426.0604,310.7021,117.5921,152.4565,500.7744,437.2570,634.1465,344.8633,827.6086,1133.6761,517.0092,652.4736,662.8478,770.5937,554.4385,307.4337,519.0590,646.4033,689.3036,385.8895,469.0902,301.2646,145.5885,283.4167,549.6290,912.1242,939.3013,369.4205,395.8820,972.5674,609.2025,343.5078,505.2812,351.0401,439.4370,81.5027,349.8633,495.0436,192.7351,483.5334,407.5428,777.1407,826.0592,299.8508,557.3421,919.0665,685.6448,92.2394,706.1023,528.3369,336.1748,325.1966,493.1696,519.1294,625.0880,321.4249,489.9773,981.4750,1142.2114,905.0143,309.4729,446.1229,"suck"
34875.0703,15070.8047,505.8624,521.1977,229.5656,69.0667,255.5667,306.4824,638.9303,433.4474,529.0686,330.4264,118.6744,763.5767,1270.4348,739.2997,275.1457,363.5202,298.2828,366.7603,295.1287,64.1955,204.0624,441.7019,108.7631,486.6764,1016.6687,980.2081,451.2253,3.5019,415.9296,579.7542,367.8365,384.9648,520.8360,311.0659,494.4362,551.7197,536.5048,388.7846,265.1378,514.6620,429.2623,684.3633,707.7278,747.9792,794.9377,592.8936,657.3035,634.5496,91.1126,220.5958,298.5184,427.9236,936.0219,1114.6616,904.6763,640.2806,723.8546,283.3864,912.9632,1531.1838,751.2084,307.6462,"suck"
