34616.3125,14883.8164,71.0398,14.7488,41.4253,24.0555,39.8202,11.2242,20.4435,32.0836,25.1966,36.0182,57.5765,15.4919,20.8292,36.8496,7.6718,3.5184,13.4224,29.4677,6.4277,25.9914,22.1198,31.6437,38.9587,176.5865,160.5956,16.0791,98.1262,48.6784,40.4667,32.9823,34.7794,27.3347,33.2524,20.5533,17.6500,51.3918,22.1866,9.5612,4.4814,19.5489,12.6196,23.0057,29.2992,20.7661,30.3210,14.4051,7.1515,18.0896,10.9290,19.2022,35.4354,40.0995,25.8326,12.5066,7.8684,24.3571,37.6870,52.5468,50.9868,33.0870,12.3173,25.3888,"suck"
34701.9961,14962.4355,54.3284,58.2184,108.9595,103.1690,29.1359,49.1609,33.7172,62.3770,63.1255,62.1023,9.6194,12.3244,91.1604,88.9747,108.1178,64.0533,33.6684,19.1154,74.0104,43.8395,109.6525,130.1182,98.1731,168.7088,547.2438,1520.3179,1598.3588,503.8634,589.8563,385.7931,195.0665,97.3159,93.8451,63.4607,58.1594,56.9506,24.7622,46.6231,11.2352,59.5600,66.4263,56.2740,46.2528,43.8163,50.1795,51.2544,64.5752,95.1245,54.2997,60.2404,16.7830,15.4451,56.1095,42.4212,35.2585,47.0250,44.5657,45.0278,41.9503,24.3006,23.6462,87.4779,"suck"
34745.4023,14899.4277,19.1543,60.7693,63.6744,57.1430,115.4411,127.7209,97.7288,38.2883,32.4305,40.4747,116.6223,132.4996,178.9249,72.5328,76.1138,41.2248,101.3824,80.8622,209.1459,251.5031,252.9899,300.0851,186.9834,17.3598,175.6354,286.5468,268.9823,48.2408,234.6855,283.2040,363.2901,266.8471,79.0121,53.1673,70.5940,40.5053,69.1489,98.9057,111.8979,59.2774,43.1505,43.4429,115.2616,92.2830,45.1681,33.2558,61.5059,119.3980,146.6723,82.9286,81.6357,41.4934,39.2673,61.5609,26.6722,6.0566,35.5924,83.4849,161.3007,165.3890,57.8715,55.5586,"suck"
34701.1484,14948.9688,98.1560,20.2592,36.4557,13.3884,40.4922,39.7758,45.6096,59.8902,23.2621,46.5456,40.3134,136.8233,46.0105,65.1528,41.0078,61.6986,47.9584,6.0682,54.3183,60.9909,35.7533,44.9459,64.9734,140.1748,336.6566,64.2390,226.6267,110.2580,101.2084,117.4791,73.8942,27.7063,34.3426,50.0243,30.5025,6.9265,9.8959,15.1970,40.3933,43.2119,52.7880,30.4375,17.7711,20.7959,8.2523,67.4677,104.6190,45.3735,20.2112,16.8472,35.0297,71.9588,81.2342,59.5222,28.9447,37.2336,34.1042,17.9751,27.1322,38.3872,29.9162,12.7110,"suck"
34696.3398,14965.0654,105.2826,58.8411,20.4773,28.6484,9.4782,20.7390,11.9714,26.7749,18.5024,6.1669,4.7445,21.3129,7.0887,33.3099,13.8787,19.8070,26.6602,16.5759,51.9394,63.4343,71.3843,77.5012,49.6649,108.2478,95.8924,111.4906,86.0273,76.2446,48.2226,88.0124,73.0916,49.2969,46.1975,20.2779,24.1695,14.0193,16.3150,18.3117,29.9889,47.5920,24.8653,4.1211,20.8055,19.6058,1.4208,11.5527,22.9111,15.7750,7.4402,22.7618,9.2133,27.2460,21.7511,11.9414,7.3766,20.5573,28.3157,17.8522,22.6600,14.0753,20.4934,29.9003,"suck"
34710.7344,14945.7979,98.6094,21.9983,19.1673,13.4616,12.4586,2.9515,9.3838,8.8297,13.7893,19.5497,6.0633,7.4281,10.8433,6.2322,2.2922,4.1384,2.7401,7.0484,9.7779,9.0159,5.9258,1.5970,3.9830,2.6078,5.9639,2.5636,8.5441,9.1151,4.7718,9.3915,5.7041,2.4458,7.6615,11.0575,7.1234,4.8305,8.4925,9.0388,4.8733,6.7717,6.1679,6.4148,6.0735,2.5276,2.9116,3.4983,2.0090,3.5964,6.6234,8.2260,1.9768,0.9698,6.1736,10.4057,7.1811,7.2614,4.7768,2.8776,5.9643,5.3935,5.4920,8.5450,"nope"
34795.0938,15164.6035,231.8959,45.1921,31.3970,9.5723,14.9728,8.7441,9.0754,7.2030,9.7033,7.1032,5.4934,6.0407,13.0775,5.7845,10.2507,6.8204,4.3500,2.7330,2.6453,5.9621,2.2974,11.0286,10.6856,5.9637,14.2205,2.7138,2.2266,10.4588,10.6799,9.2793,8.1107,6.6140,3.6649,5.7639,6.5156,11.9792,9.5121,5.8249,2.3712,6.8508,8.0579,9.1740,6.5222,6.9521,3.2257,2.1980,0.3716,6.3349,4.8567,5.2024,7.1519,3.9073,6.9668,4.0681,6.1617,3.5989,5.3650,5.5936,5.7404,1.7813,3.1034,8.2272,"nope"
34689.5586,14936.3125,76.1397,42.5645,13.5179,14.3102,9.0658,12.1136,12.9290,4.5009,7.7163,3.5020,8.5997,2.6597,7.4044,7.3384,12.5324,13.6299,14.4905,9.5672,5.3133,5.6741,11.7711,6.6490,2.3506,4.5817,2.8652,4.4947,4.4900,6.2678,4.9983,2.3043,4.3699,2.4238,5.0092,1.9736,8.7549,13.8229,8.7693,3.7116,4.7739,4.4221,1.9213,3.3644,4.6760,9.9962,7.0651,11.5029,5.9552,8.1262,7.2177,5.5282,11.2854,8.3498,2.3251,4.6358,1.0438,4.7703,4.2293,1.2504,3.4485,5.1726,3.8654,2.3447,"nope"
34701.1797,14941.2871,99.6647,11.3195,20.5841,20.0173,2.7081,8.0269,14.7080,5.2857,6.6910,0.7817,2.8351,6.5874,10.6865,1.9311,4.0825,2.6896,6.1784,3.8920,10.2287,5.9722,5.3451,1.6376,1.5888,5.0484,2.8954,5.5854,7.5812,3.7932,5.2413,5.0191,10.8349,5.6607,4.0488,2.3623,6.4695,10.5562,3.2854,3.5104,6.1347,8.2141,6.5953,3.9380,1.9433,4.9659,4.1401,5.9265,4.2655,3.1487,3.1159,1.3293,7.4873,3.3507,6.4622,9.9978,10.6771,8.5227,7.1774,2.5036,2.7651,5.6552,5.9002,9.9231,"nope"
34689.6172,14935.1797,75.2584,43.1435,17.6691,12.3785,12.0414,12.5652,7.3920,12.4877,8.4075,1.1722,7.4657,4.1622,3.0631,5.1849,2.3703,6.3659,2.5777,6.8175,4.2253,4.6487,5.1303,11.1465,11.2543,9.8773,9.5842,10.7313,6.5407,0.1024,5.7024,10.8726,2.9040,6.1200,10.2511,11.9078,13.4359,2.4565,3.0494,5.2212,4.6421,3.6499,3.3830,3.3256,9.4782,7.9719,3.2277,4.6420,3.0169,8.8354,6.6315,4.6867,3.0964,9.3997,6.9243,1.4183,1.3054,4.4104,4.0957,3.9763,9.3379,9.2627,8.7680,6.0198,"nope"
34682.1484,14926.3721,68.1632,36.3410,28.2164,18.1292,8.0843,9.4093,20.8289,5.2806,9.5870,11.5829,7.3376,15.9605,6.2951,5.8551,7.6209,13.6266,18.1285,14.9557,13.3925,5.7539,7.7958,4.9115,5.1871,7.1961,1.2170,11.2007,10.1526,8.8590,3.8391,4.2268,14.9053,13.0487,4.4309,5.6592,12.0401,12.0698,9.6407,3.3786,3.8606,4.1748,7.6362,6.8145,3.8907,1.5017,1.6695,1.7267,6.6037,12.7466,8.6151,4.0849,3.9848,7.8226,8.8439,10.6695,9.3575,6.6149,0.5583,3.5181,7.7794,5.2650,5.7900,2.7090,"nope"
34697.3711,14939.2988,77.5249,41.3925,15.8612,6.0697,19.5977,16.2527,10.7609,21.4828,16.6911,4.4188,5.4155,2.5574,4.3901,1.2283,8.0145,5.2492,3.4141,6.2334,6.1475,3.6601,5.2967,5.0052,5.5207,6.0169,1.9956,6.4751,5.6998,5.0429,6.7225,6.7791,7.8704,3.4631,5.0571,8.0933,8.8583,6.3497,2.7290,5.6544,4.6729,2.8954,7.0226,4.9243,5.5226,10.3717,12.5638,10.9145,4.5913,5.2989,7.2429,6.6282,6.4318,6.1351,3.9219,3.1890,1.7163,9.0359,11.3829,0.5258,6.2114,5.6442,7.5448,7.7567,"nope"
34693.6914,14917.4365,61.9395,36.9209,21.1528,14.7248,23.8807,17.5670,8.6071,1.9364,16.4251,19.5277,8.5407,11.7313,16.6779,2.6709,5.6731,5.7286,6.3348,8.6592,5.9512,3.8689,15.7060,18.9417,10.5868,7.5104,3.3346,9.0424,3.4519,7.4350,2.3945,5.6897,7.4192,10.8633,9.4268,6.8542,0.9473,3.5030,4.7248,5.0407,3.2302,5.3240,6.8964,7.7385,5.1883,3.7462,6.4856,3.9856,7.6955,11.8372,10.8848,5.3893,2.9734,2.2034,4.9457,5.3352,0.8992,2.4141,4.4494,14.4017,19.2920,15.8263,7.1181,7.2868,"nope"
34669.2617,14920.5557,65.5681,42.5012,16.7302,18.4059,13.9958,7.8896,8.4282,12.2107,5.9770,7.6539,5.5472,4.0582,9.9589,12.1715,11.3890,8.0929,4.8197,8.6380,9.0764,3.9484,5.9888,4.5933,3.0902,8.2413,3.4712,7.8911,11.5993,6.2208,4.9011,12.7997,8.5947,6.1310,9.6146,6.8743,6.4995,6.0150,4.7902,4.5633,2.5091,7.1150,3.1200,3.3410,4.0103,3.3804,9.4424,7.5753,2.8782,3.6597,1.5499,6.0499,6.6477,8.0580,1.0359,0.5486,6.4840,7.7618,13.5971,8.4974,5.4768,7.8068,4.7411,2.4119,"nope"
34664.8633,14910.6318,79.2077,42.6701,32.0793,13.2840,12.7467,2.3209,7.3568,16.3502,15.8154,5.1687,10.1967,3.8297,10.1829,9.3611,6.3550,5.0313,6.5333,5.3085,8.7306,6.2946,5.7187,5.9804,6.6790,11.5805,11.7041,6.7720,6.3314,3.6597,6.8461,8.6720,3.6212,6.3754,4.3701,4.6837,9.2371,4.6607,10.9977,12.4309,7.1807,4.9059,2.9860,6.1646,4.0381,6.8490,8.9643,8.8165,6.3388,1.3916,8.5463,6.1153,4.1689,8.2360,7.5874,1.5058,1.6012,3.5920,6.6034,4.1712,3.0244,2.1459,5.7996,3.8050,"nope"
34672.8984,14916.0215,86.7051,19.6275,26.5028,7.9138,18.8359,11.6300,7.9544,5.1420,3.6234,5.5455,7.5031,9.4570,7.5314,4.1539,2.3432,5.5011,6.3005,7.5093,5.8947,9.2533,9.4262,6.6540,13.7198,13.9396,12.2263,7.5873,2.8646,3.0731,7.9373,9.7800,5.8308,8.8184,3.2885,6.3092,7.9788,5.6761,3.9901,1.7255,2.3202,6.5380,5.9603,5.2969,8.5317,2.2579,6.5516,11.5749,3.2696,5.6640,2.6867,5.2217,3.2316,6.3639,3.7687,3.9366,0.5762,1.9238,7.4642,8.9592,5.4560,7.6487,13.5442,13.2456,"nope"
34696.8047,14931.5566,74.3030,42.2528,17.8046,10.7955,18.1473,10.5161,8.2229,8.4874,2.5690,4.5540,6.6282,6.7917,10.1280,13.1698,7.3551,5.3039,8.0154,9.2418,9.5695,5.6977,2.2490,1.0430,3.4008,3.5143,2.6724,8.6300,12.5249,9.2352,6.6761,10.8960,10.7654,11.3866,7.5991,5.2852,2.4312,2.6092,8.6181,10.8608,5.7928,5.9098,9.7640,6.0677,3.7816,4.0323,4.8718,4.1074,9.7256,2.1776,5.9153,7.7168,2.5713,3.5182,1.9764,2.9015,2.6139,2.5279,8.3493,13.2729,13.9537,4.5203,7.2412,2.0091,"nope"
34693.5234,14912.2471,52.8631,47.1444,16.0582,17.8124,9.5789,8.1357,0.5092,7.1566,9.5292,6.2742,8.5616,9.0157,0.6803,4.1282,0.5631,2.2551,7.7996,9.7579,6.4401,5.2211,10.2104,4.7713,5.4256,2.8495,6.1835,3.8801,10.0898,5.2862,1.1891,7.5346,10.2474,5.0976,1.9689,10.4293,13.5722,13.6235,5.5225,5.7678,3.5467,7.0378,10.4539,4.8570,2.0380,5.5507,7.2531,2.9877,8.2771,9.1277,7.4054,6.4790,6.8471,10.2890,3.3241,2.5712,4.6009,4.4738,2.3480,3.1245,0.5949,7.0558,3.3480,2.7103,"nope"
34687.4727,14941.2373,87.9172,37.2549,11.9627,16.3946,11.8863,4.7070,4.5275,6.6523,5.8045,5.6711,7.5398,7.9750,4.6259,10.2155,15.2598,10.4875,1.4037,7.4169,10.6561,8.4323,3.4084,6.3927,4.9006,5.3705,8.0700,5.3366,3.4907,8.7600,10.1054,2.7043,5.9183,3.6452,4.9638,3.5106,11.6687,6.8866,7.8298,8.9590,5.0951,6.2919,5.8241,1.4479,2.3303,5.2352,1.8286,7.0352,6.9086,2.7539,4.9761,6.5816,3.7686,6.2872,7.2598,3.3761,2.3207,2.3785,3.6991,5.9845,7.1603,3.9612,2.8171,10.5519,"nope"
34707.5430,14940.3076,85.8995,29.5066,14.1773,6.7610,10.4342,4.2351,14.6203,9.4018,4.7508,14.6502,10.8873,12.8246,6.8763,5.8276,11.0647,14.1639,7.8672,0.8989,1.0538,4.0364,6.9598,5.0149,4.0900,8.4314,7.0495,12.2870,9.3743,5.3589,8.3963,9.6789,8.4834,7.4178,10.0806,10.1906,13.5240,10.7705,6.0278,0.4366,2.7483,9.7418,5.8098,4.9999,1.4213,7.7343,8.8632,2.9011,5.8824,6.9764,2.5105,5.8717,6.9866,9.9942,3.2879,3.7265,6.5078,7.2875,6.2060,6.9325,5.9179,1.6905,5.1678,2.9336,"nope"
34671.2227,14907.8086,56.3580,38.1789,26.9864,14.6681,20.3642,28.6017,25.8125,17.7863,21.8436,16.1083,13.4055,10.9455,5.8654,9.2234,3.9058,9.1297,10.9104,10.9907,10.8768,18.4154,12.6969,11.4194,11.8168,8.2555,17.0537,15.2224,9.1065,1.9397,6.0568,7.5304,6.9307,6.5020,3.3237,6.3352,10.9530,7.5830,6.8893,12.9792,10.7797,4.1675,7.0717,12.8968,12.2275,2.9629,3.1576,3.6226,7.4059,7.0278,9.4721,9.8526,2.0976,8.7813,2.2038,4.8319,6.3578,3.8210,3.8789,7.4389,6.4027,7.7042,7.3057,10.5338,"nope"
34687.5508,14923.0273,64.8561,33.7026,21.4687,8.3424,8.8557,10.0215,2.7483,13.3447,2.3033,1.5592,4.4184,0.8929,2.4974,1.5569,1.4053,4.4540,7.8698,11.0636,14.2412,14.1247,15.0182,7.5611,6.8115,8.1156,1.4555,5.5299,4.8790,9.2706,2.6913,7.4583,7.0040,10.1393,5.8833,7.2095,6.2509,3.4226,1.7959,2.1972,4.3000,5.3298,2.6122,5.5888,7.3153,7.3725,4.8210,7.6841,2.9343,9.9619,9.4336,7.0648,5.8637,2.6964,5.4436,5.0720,3.9333,7.9731,8.0777,7.3433,6.3884,6.0540,6.6123,4.8357,"nope"
34670.7695,14930.6064,97.7035,17.3118,22.3090,16.6036,16.6472,29.7338,14.9780,4.9964,9.3161,6.6559,5.3554,11.0069,6.3222,8.6696,2.3521,4.5880,6.5321,3.4766,11.6618,8.1892,8.8551,7.1335,2.8434,1.1940,8.0130,11.2233,9.3396,9.2358,10.8755,7.8492,3.6812,5.6532,3.8562,4.2980,7.1923,13.6549,9.7300,4.2643,2.6253,2.9457,10.0054,3.8745,3.9154,4.0778,4.7611,2.0997,5.2777,2.3937,10.1626,10.8360,5.8060,4.8433,5.1735,6.9276,6.2682,9.5766,11.0153,10.0725,6.1509,0.8734,1.5641,4.7126,"nope"
34672.5742,14921.6201,83.9216,23.0614,20.2233,2.1155,21.6216,11.3100,20.9101,22.2977,19.1789,8.9884,15.5362,9.7385,10.9627,3.9629,2.0681,5.5672,2.7039,10.1434,15.0759,5.9081,6.7862,3.2385,13.8153,5.6530,3.0960,3.8278,3.3174,8.1168,3.5793,4.2624,5.4895,9.8610,14.9646,8.6510,2.1579,6.2327,5.7496,4.8493,7.6403,7.5479,11.0554,9.6322,11.1354,23.1348,32.7847,28.3654,15.1399,11.3626,14.9971,5.3736,3.4202,6.4336,12.7755,8.5908,16.4631,9.7723,7.4724,3.0948,7.6944,12.1836,9.8724,4.8904,"nope"
34696.9688,14938.3594,86.2737,50.8796,24.2649,30.0488,24.8638,27.8506,8.9379,70.5911,122.2666,47.9218,48.9827,36.1559,25.3838,14.6055,19.5805,17.6204,30.2989,66.9171,68.8968,45.0115,12.2836,5.9256,17.7539,12.1167,66.9958,69.2710,39.0283,62.8730,104.3260,34.0572,19.4610,67.1621,47.1708,36.6475,53.3637,26.6448,23.7281,10.3546,24.3094,7.5470,22.8910,50.7533,36.8008,30.7605,19.9352,20.7434,21.1318,48.8515,30.6287,0.9132,5.7769,29.8395,29.5921,1.3220,19.9547,47.3548,33.5752,18.1667,24.0429,30.8709,25.6323,30.3132,"suck"
34674.8906,14899.0693,50.6593,45.9468,33.1387,38.8209,13.8578,16.0103,65.6227,81.2225,64.2821,11.5858,35.7943,26.0813,5.5878,42.2539,26.6172,16.4607,16.7195,20.3837,41.1232,56.8561,28.8423,35.5619,107.1861,111.5413,106.1425,136.4251,58.5128,169.7169,147.9185,139.4333,216.7838,213.3030,84.1340,64.3035,59.5094,32.4669,79.7375,66.3995,101.7360,42.7705,45.8639,49.4978,82.0415,101.9898,41.2931,41.1316,62.0143,38.5710,73.9108,73.1003,46.2789,24.4081,65.4321,89.4699,47.8932,31.5834,48.5733,46.3304,30.6559,16.0302,33.2914,66.9292,"suck"
34645.5898,14860.6641,131.7314,52.0103,19.6658,45.7826,106.6443,123.4021,169.6096,54.6073,98.1364,145.6410,172.4129,193.3488,308.2717,141.1293,131.1974,110.6656,67.2555,197.5620,129.9587,61.6284,202.4563,218.3664,130.7612,151.1756,529.5872,1130.7343,1055.3441,162.3007,545.4016,372.8665,294.9202,415.5916,255.8652,293.2378,282.6706,124.9192,74.0092,149.6930,305.0624,207.1886,225.8335,336.9552,141.9659,384.0794,347.3791,236.7041,203.2381,93.3449,208.5353,229.9867,286.2640,275.6429,192.4414,240.1595,276.0251,96.9439,75.9742,388.1890,457.8197,191.8018,89.7790,89.9486,"suck"
34828.0313,14948.2939,47.1600,50.5766,51.6258,48.1083,82.5797,73.4113,54.6147,155.4506,30.1056,175.1981,331.5446,128.1668,124.0265,134.7920,142.2863,58.2187,156.1510,250.2596,357.3978,451.5865,650.7838,519.1761,291.1160,168.6834,570.5656,771.1541,1140.7588,1021.1315,1394.9988,1028.9845,694.3417,254.1111,353.2992,75.7418,135.8596,252.1622,252.3349,64.9470,111.9989,35.8793,125.7565,275.0046,310.1639,143.6358,174.8258,168.4267,123.5539,107.2641,108.3827,259.2083,309.6221,214.9541,146.0479,173.7222,139.7010,392.7251,426.7377,103.5387,96.2815,313.9949,216.6634,96.9615,"suck"
34707.5430,14914.3740,195.0368,199.0771,142.8958,117.4847,90.5283,73.9711,97.7803,31.0516,80.8090,162.3088,114.0160,135.6575,275.8915,188.3821,24.2249,66.3993,94.6727,18.9965,203.7888,228.1291,304.4995,45.5509,216.9878,204.2783,370.9774,1048.1399,1282.5487,1228.9291,616.5828,234.1058,472.2665,79.2885,318.5533,159.7259,189.4704,74.8969,37.3939,123.2169,200.7985,380.8479,187.2174,227.6055,292.7979,181.7413,286.8644,167.0062,291.5844,248.6345,195.2758,202.7406,208.1200,70.8365,260.8348,406.0629,290.2832,73.7656,113.4194,243.3689,251.6168,173.7858,90.6439,175.2658,"suck"
34647.4844,14919.7295,84.2832,34.4187,8.6249,4.1495,19.9553,22.2320,12.5801,7.0041,12.0769,7.5327,10.0161,7.8854,7.8451,12.4505,14.3977,6.0352,3.0856,2.3594,2.7371,1.7878,5.0155,15.6403,12.8362,8.3706,2.7799,8.2411,5.5750,5.6779,4.9311,7.7567,17.3545,14.3550,9.3733,5.9699,3.6749,11.5733,15.6506,11.9574,2.1734,1.8272,1.8010,6.4335,7.2437,5.2427,4.4795,8.2070,4.2365,6.0863,4.3878,4.8262,6.8547,5.2607,4.4993,8.6733,2.9422,4.2753,3.3419,5.2096,4.5819,7.8127,6.7702,4.6163,"nope"
34666.1758,14927.1553,95.2901,27.3912,15.5015,7.0680,13.9538,8.1027,13.7361,18.6343,8.2816,6.0191,6.4647,7.7213,7.4030,2.3652,6.5475,9.3493,9.9912,1.0181,2.9287,4.3364,0.6231,1.7718,4.2926,2.8339,3.0614,2.1985,2.9772,2.5748,3.1650,5.4835,4.6445,5.3223,8.5886,1.9564,4.7455,1.8918,5.7313,8.9287,4.2367,6.2003,9.6599,7.1661,3.9483,4.2370,4.0489,4.0879,3.0622,6.0490,7.6492,9.6873,7.5765,6.7862,3.7732,7.4143,11.4305,10.9946,5.9432,4.7957,2.5051,4.4671,4.3764,5.5917,"nope"
34664.2422,14906.3447,66.8708,36.2700,5.6638,11.2288,15.0424,1.9793,6.4279,11.3646,3.1452,4.2029,5.1370,9.4914,10.1895,11.0979,7.7645,10.1921,4.2214,2.7732,2.0656,9.1799,8.5586,6.6539,3.0841,5.3371,6.5991,9.9243,11.0781,8.9976,7.0116,8.7389,6.5602,6.1302,7.1799,8.8896,3.7431,9.4863,7.9662,7.1219,1.7315,7.7236,9.3395,7.1991,1.3838,6.6741,8.6100,8.4266,12.8562,11.1366,2.2651,4.6485,2.2557,1.7201,5.8961,5.6959,8.8584,9.6660,6.2725,5.6764,6.4059,3.9077,3.9968,2.1199,"nope"
34697.1172,14933.7041,78.4083,20.9213,27.7399,10.0939,8.1733,10.0869,17.9052,15.1718,7.6191,2.6277,6.8723,7.2860,2.9268,7.5009,8.7911,9.7033,1.7550,6.4350,10.0343,8.2769,11.9405,8.3671,7.7128,9.9418,14.5354,8.8902,5.2066,5.1860,15.7076,13.7165,6.5004,3.9469,2.2594,6.5206,2.5941,3.7485,9.0872,3.6431,4.0619,4.2915,7.6594,8.5976,4.4201,2.7438,8.6643,7.2009,5.1345,6.0187,11.0993,7.4666,3.7421,3.5457,7.0127,5.3475,6.9392,9.9326,9.8014,8.5336,1.4284,5.2153,4.8833,2.7174,"nope"
34685.3867,14923.1689,31.9286,70.3081,36.6295,123.1679,36.6078,14.6466,15.7282,19.8743,16.4400,3.2493,10.8931,12.8492,12.0220,14.2622,12.2262,3.4161,13.0016,13.1679,13.8376,10.5838,5.6997,2.3320,7.1375,4.1779,4.5116,3.3040,4.7044,2.4539,8.8225,6.8683,11.8258,6.5554,1.3199,7.0094,9.3727,2.1540,2.9326,9.1222,10.3708,6.2813,2.8273,1.4880,4.7649,2.3686,3.7998,2.8516,5.6336,7.3173,2.5395,0.3331,10.4769,12.7744,2.0033,6.4326,12.2032,16.8824,10.5553,4.2439,4.5551,7.0044,7.7671,3.8693,"nope"
34689.8945,14917.0811,84.1817,12.5457,60.2443,336.9427,239.4583,102.4009,141.6254,44.9933,241.0646,329.1216,112.1981,43.2785,14.1135,35.5018,25.6618,16.8827,18.0739,17.2752,4.5682,33.4869,36.7562,17.0592,28.5883,23.4963,46.0006,58.1680,32.8180,2.1837,6.8399,8.4336,4.6433,5.1339,9.9247,10.2873,5.6450,3.2948,1.7794,5.4155,3.8891,4.8885,11.8830,13.2962,5.3621,9.4221,12.3826,11.2001,7.0789,3.8983,4.5972,9.1778,4.8502,3.6764,10.6422,11.3589,11.1082,5.6624,3.9638,3.5677,3.6290,4.1961,5.0817,2.4740,"nope"
34698.3438,14932.7988,80.6895,23.6984,52.4212,83.3143,73.0076,28.0654,14.5430,31.7639,13.6394,58.0425,37.4296,19.7413,15.1996,18.7299,3.9932,18.8923,20.7672,10.7191,7.1157,2.3081,6.0538,5.7148,12.1639,9.6168,8.1618,6.1980,11.4986,17.6146,13.3301,11.7400,13.5818,5.0563,3.3627,2.5907,2.7393,5.2573,1.9263,2.2188,10.1897,9.0825,3.4565,1.8521,7.4494,10.1808,6.2248,1.8974,8.2225,6.6106,0.7577,5.9271,8.4475,6.7025,4.9744,6.3219,16.3494,26.7864,16.2939,7.8731,7.1269,5.9162,5.3156,7.7945,"nope"
34690.0195,14940.8369,87.3957,30.3977,52.4934,317.4527,241.4563,30.8796,133.5663,33.5758,213.7812,305.9833,98.6999,179.2624,149.0953,92.7193,66.9032,19.2027,13.1796,18.7014,17.1011,17.6110,34.9814,21.8704,13.8145,16.8126,11.0843,12.7795,30.2154,29.2207,16.2920,43.5406,33.3891,31.1575,36.2613,16.8616,13.1249,25.6626,19.6245,4.9685,10.6679,7.8274,16.0077,14.7588,2.1301,9.1969,6.1066,12.5482,9.7919,7.0758,8.6418,13.0575,4.2478,10.1130,3.7637,27.9202,35.7898,13.7789,11.7873,16.2874,6.7644,12.0077,1.5501,10.2735,"nope"
34704.3828,14939.6299,99.6385,16.4802,103.1432,104.1108,24.1859,17.1144,21.5342,29.2347,23.1232,24.6139,25.2856,23.2758,14.0848,6.7439,4.3274,10.3244,15.5777,16.8193,5.2512,5.2767,12.3882,11.6517,7.4940,7.1601,1.6143,5.9181,5.5588,13.7706,22.3075,9.1384,11.5480,8.7637,10.1635,13.5255,21.1078,15.4598,6.3065,7.3035,17.6939,21.4983,12.1777,5.5794,6.1371,7.2838,7.2933,0.9530,13.0127,16.5600,8.4566,5.2184,4.2150,0.8044,4.0945,9.0256,7.1015,12.3409,11.3095,9.2137,10.0016,5.0633,8.0209,13.0430,"nope"
34713.0078,14942.6826,118.3147,70.5477,133.4297,475.1905,298.4105,47.4087,91.0623,46.3917,94.8013,104.0706,112.4670,54.1836,113.3853,109.0237,34.4519,54.5106,57.1312,41.5892,33.2273,16.0376,14.9931,12.9617,6.3274,22.9412,12.4142,11.7538,14.9459,16.3466,39.4019,30.4676,18.0508,18.6956,22.4151,13.7148,21.1531,25.8796,17.4691,22.9610,20.5802,18.0541,27.2964,9.8184,5.9628,20.4383,15.8136,4.5810,2.9969,7.4434,5.4981,1.8414,7.6423,14.1055,18.7261,10.8617,17.7305,11.1937,10.9636,6.0753,11.6445,11.3039,1.4953,10.2353,"nope"
34705.4414,14949.1533,106.1139,26.0448,57.2399,82.8655,40.1837,21.6939,17.7198,11.2009,46.5892,28.6503,30.8098,24.0390,22.4625,16.6552,28.6541,17.3846,22.6224,15.8183,3.2264,4.9517,3.0410,3.2642,2.8864,8.9589,5.8903,7.5597,6.8773,7.4589,8.0284,7.2695,8.4272,8.2572,4.6808,9.6494,4.9596,11.5440,9.6259,11.4207,1.6903,2.8067,2.3582,6.3642,3.9839,1.5788,2.7022,4.8149,11.8985,5.4185,7.1239,9.2682,12.1810,9.3667,5.7251,0.7652,5.3998,7.0979,2.5874,1.3678,6.2668,3.8979,4.5811,13.3464,"nope"
34685.6875,14924.0674,61.4951,61.6982,103.1923,206.7027,81.1370,29.1014,27.5651,17.2868,8.2117,2.7841,16.2373,33.5670,23.0924,16.3782,22.1726,22.0101,20.6283,15.8672,3.3096,5.4920,11.3310,13.5388,10.7989,4.5500,0.8223,4.6990,7.5966,9.2658,1.1225,5.4914,5.0268,13.5936,16.4955,5.1776,2.3918,4.5923,6.4028,4.6766,9.7587,15.0711,7.4696,10.7375,10.4661,13.0356,7.5084,2.5928,2.0531,9.6054,13.1654,7.5130,3.7498,1.0353,2.7051,2.1286,3.1740,7.9600,5.8087,7.0442,17.6109,12.9069,4.5048,11.7978,"nope"
34646.4375,14899.7891,32.6517,104.9465,98.1355,268.5156,123.7971,25.5316,26.7415,40.5831,141.6493,77.7021,96.0900,155.0650,49.1112,52.1295,59.1852,10.8558,8.9450,24.4219,10.8720,13.9335,14.6749,7.2658,11.3474,3.6315,3.5852,4.6433,9.3933,12.0119,18.0710,8.9154,7.6289,13.1564,16.7550,1.8587,12.0385,16.8761,26.4390,38.9247,31.0207,5.6851,23.0730,79.0321,41.3949,42.8634,35.3722,19.5155,15.9576,18.6461,12.2897,9.8829,10.7327,11.8955,16.2036,11.0682,10.5529,11.5190,6.1095,8.7543,12.0846,19.7719,20.1602,11.9731,"nope"
34571.1758,14855.3701,53.7180,42.3774,49.4337,77.3035,46.6246,25.4578,19.7780,28.5927,40.8426,19.5746,29.0701,55.0420,22.5288,5.2927,12.8191,12.4102,9.6558,4.3581,7.0589,5.8330,14.9735,13.8672,8.4094,9.2618,14.2541,13.9073,7.7621,7.0322,7.6659,5.6517,10.2409,3.3662,9.2965,9.6101,8.5731,13.8443,16.0970,7.3619,5.6325,7.4540,6.5090,3.6472,2.6768,9.7934,9.5655,7.2540,4.0819,5.6904,4.6703,15.7600,16.9825,9.1668,4.1744,11.8840,15.9251,9.7699,3.1208,4.0893,8.4129,6.4253,1.4701,6.8383,"nope"
34742.5625,14959.4111,70.9514,70.8741,112.6512,243.9025,122.5296,61.3857,58.1530,93.3011,154.1502,54.3347,19.3194,18.4267,21.1787,21.4548,14.3218,5.0696,14.2194,12.9002,11.6512,2.8677,5.9724,13.4221,11.5293,1.3842,3.9179,13.9251,12.2140,13.6132,8.5813,6.5847,8.2901,17.4242,6.0324,14.2196,16.5126,11.9966,3.7726,9.2628,14.3566,15.6163,14.0325,9.7969,0.9322,3.9769,5.5629,9.2864,4.2006,3.1004,10.9854,13.0225,13.7000,15.4315,13.4562,5.2399,7.9922,3.7228,6.5740,13.3784,12.3651,7.4783,6.4975,15.3547,"nope"
34689.3477,14934.7578,115.2447,29.7600,50.4913,90.5639,23.1670,85.6224,51.4386,127.8584,102.9437,17.1218,42.0940,10.4691,15.6185,10.0606,3.2519,3.8685,7.0305,11.8389,2.5447,15.3882,6.3444,14.8526,14.2994,8.4170,9.4463,9.4896,12.6874,5.9295,5.4981,6.5415,2.8549,2.0651,4.9708,10.0572,6.6676,7.3773,13.8151,17.9348,10.6471,8.4721,7.0695,5.0526,10.4509,6.5858,3.7302,1.8024,7.8439,7.7085,4.4646,4.2274,6.2586,3.3258,3.0340,1.3558,4.4104,4.0736,3.2134,6.8577,7.6435,4.9950,3.0396,10.5385,"nope"
34692.2227,14952.3516,131.4430,40.6856,24.0882,115.6989,74.6128,101.8437,103.5087,35.6470,42.0909,78.7882,66.3506,67.0504,47.0901,67.4394,22.6666,30.6721,42.3302,42.9868,25.0631,52.5180,60.8937,32.1235,21.5113,33.8875,44.2784,75.5888,39.7221,45.8756,46.3128,57.1932,59.0533,33.8730,33.1471,41.6790,27.6002,40.9015,34.4879,30.4724,29.8511,5.2225,40.5977,32.4195,16.9365,24.4650,19.6194,19.0913,11.9248,20.2525,28.8592,13.0718,12.9629,19.6958,15.6618,20.6043,32.3837,19.7774,3.4985,14.9613,28.3027,33.6296,15.2179,9.2789,"suck"
34654.6563,14925.2637,89.8651,21.3716,39.1619,21.6614,28.4875,31.7514,47.5284,13.6656,48.7777,39.1109,20.4645,5.0599,21.5772,17.0572,5.8519,48.2752,48.7884,23.1917,9.6877,23.1168,52.4427,32.1472,33.1406,65.3392,60.9845,27.4018,81.5515,62.2506,47.1023,18.9883,32.5054,42.6723,20.1343,12.3868,17.2122,24.8916,17.6496,13.5621,23.5464,27.7662,21.5841,20.8327,25.8115,19.8600,15.0629,6.5496,16.6381,18.7220,13.3240,18.9830,11.3694,8.4970,17.6120,12.4932,2.7312,6.2966,17.4361,21.0343,21.1606,19.7453,14.5969,45.2371,"suck"
34671.1758,14916.2188,25.1812,105.5692,26.6241,51.5155,51.6365,41.7441,20.1341,42.4889,92.2690,134.0033,141.9402,83.1953,211.2562,139.4056,49.8071,103.9796,126.4432,64.2465,37.9740,54.1156,22.4652,95.5650,53.7932,61.5343,112.4557,75.4215,58.6063,127.3061,160.5458,58.8386,53.9524,49.3794,6.8673,21.9183,53.2606,31.4496,43.2449,32.5752,14.9553,9.5271,43.9973,63.7983,49.0638,26.9938,54.5763,46.3833,44.7765,46.6653,22.9150,5.9720,32.4393,38.1287,14.7959,28.9409,9.2423,12.6832,23.5768,47.1644,75.7540,56.1372,53.0291,68.0835,"suck"
34665.4102,14915.0420,53.9423,89.2674,41.0063,35.4869,38.1821,48.5644,9.5012,32.0619,68.4352,100.1833,52.3278,74.4485,144.8420,187.6796,169.7366,57.8244,21.4102,57.9923,73.4389,23.7506,72.6563,63.2907,48.3926,36.7509,152.2294,222.8779,273.4434,36.4003,89.6551,8.8287,76.0205,23.4165,62.4042,47.6754,38.5953,110.5845,95.3796,47.1303,42.1249,49.7676,68.0920,75.5309,81.3533,29.9033,12.5522,30.7670,34.7483,44.0962,20.7179,42.8373,19.2311,47.9450,16.3864,50.0539,62.0524,65.3512,63.4211,31.9747,39.8928,49.0843,66.8503,118.2810,"suck"
34733.8008,14978.7002,113.4472,84.9489,14.7296,33.6010,62.3642,80.1335,139.6222,110.5050,51.7099,101.5166,164.2749,52.9969,190.7814,19.2082,183.3354,80.6989,40.3592,73.4139,75.4814,34.0174,122.5440,55.3453,63.6634,40.4145,114.7482,278.2226,606.0436,330.3093,155.7619,204.7070,25.0538,71.0331,51.7411,123.1331,26.7939,100.0350,54.0878,110.0741,177.6796,144.2063,64.1534,107.1311,100.5104,79.4501,47.2049,74.7526,63.5472,59.1591,80.9236,79.3035,84.3602,57.9678,72.2813,81.1874,67.7081,66.2851,91.4802,94.1933,104.1648,87.5254,140.5543,110.5477,"suck"
34672.1172,14927.3057,95.0179,63.3622,34.6916,40.1499,51.8110,31.3896,65.8060,74.5555,120.4376,90.3300,18.8004,59.0598,61.5938,108.1846,90.8033,34.0643,15.4215,31.7524,34.5232,54.9666,96.4071,57.8817,48.8243,92.3937,219.5271,247.5623,250.4163,269.8503,53.9667,58.3314,150.9155,88.4824,6.2428,64.9671,97.5571,31.3713,67.0314,80.5921,91.0366,92.7500,34.5661,88.8204,58.0805,9.3268,74.5954,59.1193,39.5255,77.9156,48.3788,40.5342,52.5052,26.4577,29.2467,68.5788,28.0086,43.9222,44.4566,71.1913,91.5022,55.8142,11.6447,52.9911,"suck"
34645.6719,14885.1074,27.9160,30.6756,29.8087,22.2184,12.6905,32.9078,60.8069,67.6796,113.2379,161.1022,70.2948,48.5001,84.8822,108.4266,75.1029,8.0404,82.0107,63.9294,62.2222,48.9113,40.4446,57.8040,13.9092,40.8552,67.5488,124.0188,374.7195,279.2056,94.5030,58.3562,121.7940,99.6510,15.5651,7.0920,35.1224,9.4765,51.2480,90.0374,79.5564,44.4802,16.9660,19.4919,57.5209,30.8954,42.2774,65.3313,5.3969,38.1263,22.3859,29.8264,40.8723,0.8693,60.5528,22.9288,27.1357,33.5950,53.7649,79.8796,102.1050,109.6154,111.1472,69.1489,"suck"
34728.2539,14953.4844,73.6660,64.0497,23.8702,16.1498,20.7942,16.9520,31.0834,39.5840,13.5033,71.1366,48.7716,31.9329,67.9941,87.5150,61.4153,43.0904,25.6646,4.2876,56.5715,42.7854,38.4920,7.6345,44.9291,56.9794,51.1710,144.0759,125.3442,64.5953,102.0516,92.4942,76.0304,88.9771,45.6028,45.7423,21.4880,9.8417,27.0797,46.3845,27.3957,27.6331,28.4470,17.9903,19.4025,47.4638,58.7452,23.5288,37.3405,47.1260,61.7968,30.7033,12.7537,33.9805,38.7787,53.1962,67.6332,26.7730,24.6695,42.8791,48.4086,24.5108,41.5794,36.1493,"suck"
34662.4531,14909.2236,70.3334,49.0153,26.5974,29.8409,30.1552,19.0631,18.3116,30.6110,13.5834,32.4136,24.0466,30.3502,21.4557,28.1668,23.5678,3.8721,10.8072,19.8631,15.0222,22.8624,42.1865,45.3954,5.6995,27.5707,46.0797,96.4497,119.0182,34.2034,23.6266,27.7652,58.1986,45.6226,14.3643,16.9339,17.0176,25.3041,16.4753,0.6373,3.8115,11.5102,18.0564,27.8134,15.4341,10.5607,33.5984,39.6035,24.6201,2.4244,12.2220,5.5202,13.6913,10.2048,13.3843,17.7671,15.5106,7.7044,15.8893,23.9070,4.5525,21.5056,20.4600,53.3357,"suck"
34795.9414,15004.6143,118.2076,33.6452,37.4041,55.6038,45.7389,23.5146,19.9750,4.9881,6.4200,26.9477,17.3266,21.9589,18.6592,8.9146,14.0548,6.4885,10.6065,10.3612,6.4460,3.0573,3.0803,9.5229,16.5286,3.5383,7.0841,5.3626,7.2844,8.3779,4.8856,0.7970,19.0068,12.5309,9.1643,2.1746,2.3938,6.5288,9.1644,21.0592,19.0980,11.6869,17.0479,4.0005,8.9506,16.2361,19.7191,15.6780,12.2719,8.7248,5.0657,2.4134,3.0333,4.5257,4.8119,5.0080,1.3512,6.8162,10.7282,3.4646,2.9550,5.5191,7.3551,0.5507,"nope"
34677.5430,14915.1973,62.9947,32.6085,25.1962,8.6553,22.2743,9.0895,9.0001,9.8001,18.2114,15.5703,11.6012,16.5430,11.5937,9.2630,18.7604,13.7121,12.2382,12.6300,9.0123,2.6941,5.6051,10.1754,4.4096,2.9068,8.8870,12.0195,5.2746,4.1732,5.9164,11.3587,7.9878,6.3928,2.8349,9.5807,6.8899,8.7519,3.0239,18.9059,12.0568,9.4459,9.2810,16.5569,4.0398,11.4465,10.6977,1.5230,3.2605,5.6882,5.2884,7.4080,3.2132,3.9889,5.8437,8.9285,6.3030,4.1368,5.7433,6.1438,4.1707,5.3861,1.5206,0.6350,"nope"
34244.0156,14615.9648,74.0351,40.4136,38.1538,31.6037,11.6627,15.1602,18.8925,6.8362,13.6470,17.3411,11.1051,13.9392,4.6442,12.0940,8.7381,8.2293,5.8439,9.4468,15.2221,3.2183,14.3013,13.1855,8.2567,2.7284,5.5948,6.9340,3.3246,0.4598,2.6675,6.4453,8.4743,3.7160,2.7737,1.5143,5.0026,8.3996,5.6827,1.6910,6.6261,4.9471,1.9414,6.0453,2.4111,1.5633,10.5008,6.6254,3.6977,0.8285,2.4283,10.7285,16.4211,13.4365,4.6824,2.5594,3.2922,1.9699,4.1263,2.5637,6.8330,6.6799,1.6811,7.1532,"nope"
34733.4219,14976.0332,67.3925,69.8748,7.8465,15.0154,7.8203,17.2785,3.6806,4.5043,6.0694,5.5985,3.0430,13.1377,12.6016,12.7377,5.3075,7.3326,7.8136,1.9981,10.2596,7.3357,6.8733,1.0528,1.6998,12.1347,12.4339,4.6284,5.2597,2.6456,2.2376,2.1061,3.6962,11.0734,13.4365,6.7292,5.1596,2.7083,4.7753,6.0089,6.5390,7.5269,7.7728,5.9171,4.4499,3.8042,4.7924,4.9614,4.6596,4.4273,3.8560,8.0768,10.3066,10.8405,7.7515,3.0599,4.1640,2.6324,2.1363,4.0172,7.2267,5.6495,7.6721,5.0083,"nope"
34689.4414,14931.9395,88.0582,14.4596,21.5010,14.0908,12.7870,14.7147,8.6571,13.1059,5.4206,6.3919,4.1633,6.0893,4.2734,8.3115,8.4628,8.6282,7.2477,3.4556,6.7028,3.9317,5.2526,6.5881,9.6690,4.8169,0.3985,3.8557,9.3397,5.6613,3.7048,4.9592,0.8903,13.2406,17.7098,8.0139,4.0425,4.3374,6.5202,2.8963,4.4484,5.0987,3.9563,6.8215,3.9604,3.1473,5.0347,4.8978,4.7971,5.0307,5.1939,2.2814,2.4234,7.8195,3.6893,2.9677,9.2499,8.5766,0.6771,7.8267,14.5959,7.9232,5.2176,5.6554,"nope"
34708.3359,14934.6982,58.1715,53.5029,3.1454,11.8653,13.6421,8.4194,15.1413,8.3299,2.7690,4.9656,10.3364,8.8366,5.5209,4.0797,10.5628,12.7475,11.5152,6.0560,6.4165,3.0167,8.0178,4.0761,4.4805,4.4529,8.0339,11.9531,7.0637,4.0638,3.8420,8.9357,4.2554,1.7415,5.1539,3.1310,5.3720,4.8645,5.1486,8.0936,6.5520,4.5885,3.0487,2.4092,2.5968,2.0198,5.0901,6.9464,6.6572,9.5809,4.5425,3.0133,6.5938,9.0354,11.5935,7.5064,1.8882,8.1976,5.6169,3.9026,5.0638,7.7019,3.4893,6.1679,"nope"
34677.8984,14921.1494,65.6907,52.2425,6.6987,15.2678,5.2651,10.3495,11.9813,14.5655,17.3595,19.2395,11.5481,9.5846,6.7717,1.4103,8.5289,8.2268,4.4365,8.3770,9.5133,8.9419,10.1855,6.4806,5.7027,5.5472,5.9171,7.2328,5.9283,5.7579,7.4587,11.4645,9.4313,8.8545,6.6033,2.9355,1.8552,3.5780,0.8673,3.3397,6.4766,1.2775,1.7771,1.7517,2.5436,3.9016,4.8999,2.8345,1.5053,1.9435,1.5012,3.1976,2.4330,7.2037,4.1398,5.2767,3.9779,5.5307,3.1302,5.6894,3.5751,3.0627,3.7347,7.9598,"nope"
34678.3633,14916.6191,66.9523,44.4270,31.5645,11.5967,14.0342,7.7618,3.9104,10.9493,10.2357,8.0671,6.0450,8.6373,13.7599,5.3279,4.0199,1.9200,6.7032,10.4264,8.0931,9.9298,9.3066,6.6471,6.2508,1.4512,4.5744,3.2310,8.3693,4.3726,4.9567,0.5689,3.2417,9.2895,3.1666,8.4472,7.3783,18.6671,20.6511,13.6289,5.6883,6.0066,3.8354,5.9935,3.0700,3.4873,2.7322,3.2432,9.9302,2.7930,2.1476,4.1830,1.3006,4.5958,7.3364,6.6717,3.1059,3.1969,3.4289,5.2128,9.9385,10.6724,3.7667,7.5607,"nope"
34655.2578,14885.2109,33.9409,74.8563,69.1574,69.3468,65.2145,96.5786,57.2590,200.2373,207.8189,161.1654,268.0812,205.0518,127.5344,82.2882,60.1658,76.4873,81.8661,58.6301,39.0135,19.9282,11.1472,15.9855,12.9927,35.6058,53.1051,124.5930,263.6974,319.6061,217.2185,93.9054,112.0500,111.4267,71.7804,11.5166,11.8587,44.0878,43.2133,17.0206,61.6321,34.2098,56.9684,29.2729,63.7653,35.8917,40.9847,31.9229,40.7203,23.0699,28.9239,70.8355,87.1113,61.3301,59.2950,11.8749,68.8593,73.5018,71.6943,105.3350,33.6181,83.0567,124.1908,129.7784,"suck"
34711.2539,14959.1992,148.2382,18.6917,9.9791,8.2100,103.2352,123.8022,49.8755,165.1954,121.6458,198.3081,121.5177,141.9569,173.7117,127.9558,8.9527,53.4121,62.2713,69.7264,80.4749,63.4766,30.0343,47.4435,73.6105,76.4597,78.8714,69.1100,177.8000,462.5412,381.1361,155.9222,159.9715,74.9667,50.2460,80.6469,113.0743,52.8449,40.5128,71.0026,76.9520,28.8858,82.4532,72.5365,27.3525,78.6349,60.2770,93.2406,23.9774,74.0997,57.6140,43.2435,20.8302,39.0423,12.2225,72.4626,37.1494,50.4695,79.9523,101.4351,39.7516,11.9689,100.8269,193.4037,"suck"
34696.6563,14936.1387,34.0329,106.3948,63.5269,140.7409,66.2031,58.7047,70.3964,95.8850,118.3539,44.0536,58.0783,23.5228,98.0567,42.4574,47.2180,46.5273,31.2227,67.5514,61.6216,65.3513,59.9063,55.6366,29.4991,43.9206,17.9682,49.7088,66.8404,158.8970,288.9316,155.2800,94.1848,114.0610,35.5389,58.6620,56.5018,33.8710,88.2502,66.2317,25.7291,16.5998,7.0314,22.1262,83.1899,68.3837,62.1026,68.1599,64.6866,47.6209,41.5537,24.6733,40.0320,48.7995,20.5643,39.4820,55.9129,57.1379,53.8939,67.4620,101.7532,24.9861,74.9102,59.4509,"suck"
34651.0430,14920.0908,64.6582,95.2445,73.7682,148.8327,463.2779,291.7368,75.2500,42.1524,47.7518,86.9740,14.0886,110.8699,72.3510,47.1061,23.3239,89.6139,110.0848,92.5381,96.0577,51.0502,57.2095,42.1344,37.4908,46.2547,37.7098,23.8929,34.3241,70.1072,52.7435,55.6289,49.9920,55.9598,32.2096,36.2288,24.1931,33.8526,62.4526,71.0821,100.7487,84.5711,99.6063,156.8002,137.6992,69.6726,107.3936,43.9024,39.0967,27.6263,12.1174,38.3876,48.7640,29.3404,14.2904,17.2652,4.1550,15.6012,7.4458,13.5960,16.2992,45.1558,37.5323,7.9177,"nope"
34668.6133,14922.4697,111.1718,448.4141,306.2671,151.5997,105.9859,73.1045,30.3819,85.3161,85.5137,64.6203,69.5333,43.2746,35.1424,40.0698,36.1610,7.8514,10.6628,21.1160,22.1365,16.8251,10.9814,13.0725,11.4892,8.7956,15.1993,16.8515,5.3310,9.0505,17.2827,16.8626,14.8905,6.7557,10.9930,11.5123,10.6406,14.7003,7.7310,5.4750,23.3643,27.0764,7.3328,20.2017,17.4230,18.6020,16.9490,4.3561,14.3421,8.2889,8.7278,9.1920,5.9133,6.2966,5.0607,5.2532,2.7287,7.1462,7.9939,3.7762,1.5650,5.4155,2.8368,1.6224,"nope"
34716.2656,14932.6055,130.6154,289.3885,331.5769,37.6862,98.8248,539.9221,558.7019,170.9466,175.1301,353.5308,210.8267,35.9380,26.1527,61.0934,32.7106,3.1741,8.6731,16.0263,15.1331,10.0811,23.6500,26.1454,34.7235,30.9987,12.1992,2.7686,11.3810,16.0520,8.1367,23.8984,38.4570,34.6018,44.1734,37.3969,13.9276,15.9101,29.5590,46.8863,50.9060,19.3089,19.9833,36.1780,37.8849,21.8196,25.5290,12.8505,21.7061,63.0468,62.8869,54.5315,26.4072,28.2349,15.9944,8.8293,6.9703,7.4415,4.6547,11.8789,6.2882,7.7177,1.1212,7.6951,"nope"
34960.7383,15073.5566,122.8004,375.3379,587.9708,141.8845,47.3733,118.7864,173.8030,170.7602,236.6612,653.0198,357.3840,89.5173,60.6190,49.9309,25.8593,14.1959,19.9936,36.2634,23.0216,12.1032,31.5382,14.3478,16.7967,14.8162,20.9171,10.0766,13.3319,16.2819,14.2127,6.5224,2.3669,11.5492,11.0343,16.2863,22.1308,28.1354,33.6636,34.6595,14.6731,92.8858,117.0245,61.5457,34.2457,15.5663,25.6687,13.6213,9.5615,40.8035,29.8058,18.9468,7.5516,7.5236,18.4452,15.0726,22.9441,23.2654,7.9382,8.5848,10.1908,13.0041,5.3304,25.0749,"nope"
34731.6016,14951.4092,107.6510,63.0122,81.4661,17.6674,41.7328,55.4771,98.8433,45.4625,54.5293,89.3755,61.0088,51.3128,43.8806,23.5508,37.1822,39.2956,18.0495,8.8949,10.7457,14.6534,6.2036,1.4578,16.8957,29.8826,19.6725,14.4786,14.9577,11.9135,13.5359,16.3682,4.2145,13.7941,24.8758,7.0793,17.4103,36.2519,21.9787,4.4099,27.7144,51.9735,53.6745,58.1244,29.2661,14.4829,4.0449,32.0025,38.4804,40.6937,34.5990,18.6604,13.7592,37.8360,40.3286,33.9330,27.6202,43.3873,25.5947,9.0851,5.9655,6.8057,7.6911,9.0418,"nope"
34687.5117,14939.0293,118.5429,125.6725,137.9038,88.3101,60.7930,51.6707,95.7466,70.0406,23.9505,56.8171,103.5215,135.6336,228.2739,242.8426,173.5205,83.0471,73.6475,51.5950,48.0225,13.7418,52.2826,19.4380,19.3639,30.0161,12.6609,10.2835,21.3769,18.5411,33.4628,43.6955,38.5504,50.2733,39.7867,13.8893,15.0162,6.5089,16.1799,6.2511,17.0440,8.7277,7.7742,8.3848,13.0211,10.8689,8.8793,7.0157,14.6145,14.4900,2.8409,6.0486,8.5505,13.4061,12.0405,16.1828,18.0781,22.6364,32.2402,32.9737,23.3422,15.1831,2.3561,6.7834,"nope"
34683.9570,14921.4336,175.5835,329.7649,227.8802,146.0075,127.1458,26.1651,19.2391,63.8426,61.2714,101.2992,101.5664,49.0201,44.1214,22.3507,10.7897,14.3408,6.1465,6.1091,22.4361,35.5221,30.3475,11.0255,5.4999,15.0031,13.6265,29.8559,9.0162,27.6712,25.9351,26.0116,34.1303,16.4656,38.9717,82.2846,81.1890,91.2015,14.5890,23.9075,33.3792,34.5706,63.1074,24.9226,6.0031,15.8704,48.4374,45.9055,24.8931,35.7919,14.7450,33.0998,23.0758,10.8964,20.3970,16.5091,12.3550,20.4461,32.9777,18.6081,43.1430,20.5879,15.9993,33.0430,"nope"
34705.2578,14939.0771,111.6823,152.3754,309.3623,213.3442,57.8773,76.1028,132.1560,63.9361,36.3109,30.9283,53.8472,50.2950,38.9891,33.6689,23.6133,3.4094,2.1295,3.8319,4.2114,11.3709,14.0562,8.0405,15.8385,13.0664,14.7160,6.4773,3.3092,9.4831,12.3285,27.5616,27.7210,4.1064,21.1956,31.4797,21.5797,7.2608,21.6631,42.7601,33.4121,33.5671,19.8007,23.3147,11.3759,41.7427,34.1886,40.7485,28.1618,12.5720,20.5330,9.8253,15.0721,4.5817,12.4248,8.5627,9.3375,18.1326,11.9764,9.5988,9.7490,3.7689,2.7750,9.2794,"nope"
34704.5859,14951.0078,131.2906,230.6398,126.8362,16.2407,161.4301,163.6241,104.4719,229.9955,509.2186,548.6115,172.2631,646.8012,463.9915,141.1051,209.9812,88.4615,51.3527,86.5710,98.4155,35.8167,24.0758,30.8676,31.1091,23.8554,22.5325,30.8850,64.1255,27.6392,15.5581,28.0831,88.3920,90.0320,38.0654,35.6285,16.2573,9.7645,34.4014,17.7280,8.2592,15.2198,29.2920,9.5871,25.6448,28.1580,3.0840,13.0060,6.3679,6.0365,1.8096,8.7290,14.9947,12.1169,25.1372,12.7887,39.1602,11.3907,32.0712,7.2894,1.6455,0.7358,6.9155,9.0327,"nope"
34722.4375,14941.7930,34.0484,307.9647,126.2499,59.9488,92.1645,111.2600,42.9766,77.9928,59.5121,41.7646,97.8697,89.3120,72.0721,62.5097,49.5799,37.5435,20.6421,66.5720,72.9518,21.3348,15.8020,20.1970,30.9736,19.6876,11.1962,3.2811,4.3099,9.1695,12.9061,40.5225,47.5275,9.5410,3.4245,15.8315,11.6800,17.0394,18.6397,15.8501,3.3648,20.3980,4.7658,26.3236,44.0269,19.8071,9.0327,26.9261,28.6713,12.8044,17.4541,31.4804,24.2908,47.1351,29.7919,15.9715,29.8146,15.3207,23.8124,32.3392,14.5864,8.9060,13.6467,16.3284,"nope"
34691.9961,14926.2939,109.8431,119.3661,172.7327,122.1105,59.8350,106.8403,131.6489,73.0448,37.9609,18.1792,42.2562,42.7499,27.2484,30.0551,31.5213,22.5921,17.7483,28.0868,22.3022,1.6727,19.1184,14.6204,5.4025,13.0202,19.2708,14.1494,8.2209,3.4531,18.6628,17.1160,12.4052,16.7933,7.3009,10.4300,20.2058,31.0049,32.2304,13.5354,6.6211,4.8747,22.6251,27.7223,5.1473,28.1305,23.4462,16.6921,27.0980,8.4912,8.0695,8.2982,9.0734,8.7502,20.8235,15.4356,14.8641,17.3862,19.4743,26.5311,27.0537,21.1518,7.1208,9.4980,"nope"
34686.9414,14933.7607,128.6698,87.2617,41.2660,105.3802,339.2725,421.9742,125.2672,179.4097,120.3111,44.5928,51.6903,69.7572,43.1914,72.5042,52.6316,18.9680,12.4817,6.6256,8.6484,21.4650,8.6834,11.8949,17.8040,11.8415,14.2596,6.9783,3.7104,3.8993,2.8589,4.7020,2.1147,1.5030,8.2243,0.3309,3.6128,4.6257,7.2061,5.4676,29.1047,44.0189,12.5482,16.1230,12.6064,16.3070,9.5836,12.6709,18.0887,5.8642,8.1411,21.6582,13.7343,6.6438,4.2152,9.9803,13.8341,15.8970,14.3516,17.7688,15.5189,2.7310,10.1538,4.3530,"nope"
34712.8242,14948.7402,90.1554,130.3230,98.4651,14.6524,68.5257,129.3300,52.7362,55.0150,53.6650,23.2940,23.0281,14.7642,5.4330,12.8092,3.9565,2.6070,1.4152,3.0339,2.6901,12.5742,14.9731,8.5445,2.8912,3.7006,2.4695,4.1717,9.8065,4.7444,2.9577,7.3151,6.7584,2.9204,4.3925,14.3335,15.8705,14.7479,4.6504,2.2741,0.8587,8.7309,15.8654,21.5197,17.8292,10.7714,8.6608,17.2799,14.2038,1.6739,3.7440,9.3311,20.2393,17.8743,8.7072,2.8926,5.9649,13.0163,2.3844,10.1975,10.2193,10.2753,9.3898,7.9646,"nope"
34692.8047,14945.5420,106.9756,28.0567,30.1300,25.4699,15.8460,28.1109,27.9642,34.0002,31.0545,91.7679,85.6121,46.0676,56.9089,42.1905,33.4309,44.6201,25.8615,10.4295,46.5201,48.8499,16.7082,36.2265,34.9223,34.5832,22.8576,35.9730,125.6003,149.7419,108.3236,22.7679,45.2646,35.0137,28.4446,4.8632,17.1069,10.9455,31.7405,12.6263,10.7211,5.8175,14.0154,20.6890,20.1653,32.0403,33.5160,32.3540,23.0322,13.5815,8.4626,19.7292,13.1909,12.4260,16.5426,12.0964,13.3557,13.2720,10.3237,24.0065,20.7874,36.6382,26.9969,13.3959,"suck"
34660.8242,14907.9385,76.8713,47.6481,67.3495,27.9061,71.6940,145.5319,119.6643,63.9217,62.9474,130.8501,146.1704,188.1321,303.0575,148.6814,83.7537,28.6694,98.9067,98.9822,124.0549,59.5399,33.8458,40.7119,61.7833,181.4466,103.0598,176.3172,45.5232,158.4610,171.4881,250.4505,117.2309,10.8203,15.0335,26.0280,54.1691,19.1709,52.0623,126.0540,115.0593,92.8552,97.7949,65.4109,56.8329,52.1154,78.7637,109.3702,29.5938,95.4771,83.4624,22.0129,56.7286,38.5441,26.5678,77.0301,79.7722,100.2199,69.6457,31.5352,4.2006,83.5272,53.3355,34.1473,"suck"
34682.0078,14934.7246,97.7787,23.7026,20.5590,20.1237,22.6348,30.0375,27.5321,94.1993,61.6065,105.7751,151.4942,112.4109,19.1817,28.2677,45.5848,82.8482,22.7767,24.8912,29.7938,73.9165,49.8870,42.4846,35.0274,44.4501,110.6132,159.7248,174.3135,276.2615,97.6166,62.9694,98.6787,71.9213,31.0824,86.0130,36.3801,27.8471,40.7004,52.6238,76.0296,82.2265,24.7753,49.1181,27.5208,34.6458,21.0338,84.2054,85.2480,59.5770,58.5483,27.9893,28.3312,44.1362,10.2114,22.2374,10.8937,7.4635,30.1011,64.1458,32.9093,25.2593,36.2040,12.8394,"suck"
34716.0781,14976.5771,116.2609,33.4768,64.0549,69.1671,73.6092,43.5092,110.9463,229.1964,169.4371,93.2636,201.6911,242.9103,58.1324,159.2472,149.7337,18.7861,86.1033,79.7551,99.1812,142.4295,188.4052,212.4492,94.4988,67.4695,63.4984,133.6362,260.7707,330.0319,326.7968,180.5142,220.8571,325.2907,442.4870,310.3162,136.6781,84.7442,47.3036,5.2452,31.0871,41.7453,77.9286,42.6349,65.5685,26.8484,151.9624,209.9503,144.5963,88.6238,10.3137,108.5321,131.3522,92.8492,91.3201,78.5729,47.3642,35.6155,57.2267,43.2988,102.0193,76.2642,45.3526,75.1953,"suck"
34679.7695,14916.3906,78.2377,40.0824,76.4220,40.8693,24.7242,65.6550,46.8279,112.4666,69.1393,227.0724,383.8288,408.6569,113.2928,383.0935,398.7429,344.9160,70.3675,40.1224,161.9095,197.8887,130.7679,110.1353,92.8488,139.8692,151.9712,297.2997,257.1823,489.0388,472.3241,285.7184,185.6966,161.6795,277.7723,121.4249,104.4599,162.1650,120.5323,168.5718,144.9392,39.4399,63.4215,58.1528,142.5181,188.5593,119.5516,54.4790,59.2641,51.2140,156.1492,140.8628,108.5393,72.3243,126.4627,162.2439,104.8472,86.0761,154.2400,159.8579,155.0528,103.8257,123.8306,151.4272,"suck"
34910.1992,15096.5400,233.3020,83.6453,82.8181,114.1935,63.5002,94.1281,63.3815,97.3774,62.7567,34.3435,46.2471,33.8547,31.7010,13.7876,21.2310,26.9901,45.4410,26.4876,32.0153,29.3652,22.0403,39.3594,15.7844,11.5858,8.4928,16.2628,1.7297,8.6786,17.1867,22.5418,19.5767,22.4010,8.9739,10.5685,3.9152,4.2024,7.4454,7.9515,2.3765,10.7542,5.5393,7.3983,2.6076,7.7410,3.6645,3.7982,8.3486,5.3692,6.8239,17.1907,10.7475,8.0523,6.3812,5.1469,5.2518,10.0472,6.0853,5.3679,3.0045,6.9733,15.6272,19.7417,"nope"
34597.6211,14867.5635,107.9558,33.3596,40.4065,59.8270,33.4493,32.7257,85.1323,75.9684,39.5785,49.0223,136.0717,86.1439,90.5411,81.0654,15.9010,45.2028,172.5816,101.4617,35.0690,54.7663,36.8004,37.7004,19.4275,9.4355,18.7822,13.7780,43.5351,38.9218,57.9985,60.8150,30.7978,22.1025,19.9885,8.4817,11.0174,13.5567,12.8085,17.8641,9.2979,12.5742,9.5725,8.6818,7.0400,3.4011,6.0665,11.2842,7.9723,4.8591,3.9811,7.6516,3.6738,4.6593,1.8476,6.9520,16.2964,14.1260,9.7123,8.1261,10.4261,8.6553,0.7577,5.1896,"nope"
34687.4766,14871.1865,44.6345,96.4350,38.4232,36.9164,74.7006,76.9660,36.0896,68.1365,47.9127,20.2338,52.4656,99.8382,76.0739,66.7614,18.2609,19.9235,14.6923,23.3231,51.5548,28.1389,53.4037,48.4906,54.8465,51.8453,77.9881,49.6463,9.4127,27.1216,81.4583,193.9545,166.1004,58.8002,23.4774,22.8963,7.9949,22.0942,31.7877,29.0870,63.1830,46.2458,44.9903,14.7806,36.3676,69.4741,99.6015,115.4690,81.9743,56.8888,56.9656,31.0603,45.7877,92.9169,81.0725,26.5278,42.6429,53.8064,39.9119,29.6352,25.5659,37.3576,54.3380,27.1781,"nope"
34736.2617,14938.5889,67.3775,38.8630,93.1899,74.0475,129.8621,120.6652,61.8841,43.7561,116.7924,122.5137,45.1184,30.1449,29.5575,34.3848,36.2000,18.6370,9.3594,7.1911,26.7163,37.9144,33.1971,14.7297,11.1539,9.2774,11.2099,2.5943,8.0621,13.3793,12.2220,3.5107,16.3147,12.3127,15.8646,16.2477,7.4458,4.0828,6.0884,12.6370,6.2913,3.1249,2.8869,6.0809,4.3520,5.8942,5.6529,1.6473,2.0650,4.8835,3.9874,3.8161,4.2628,4.8525,3.6292,6.5621,4.9286,5.8171,9.0974,13.6448,14.2060,11.7297,17.1363,15.8484,"nope"
34827.6211,15014.5547,140.4812,51.6219,66.1909,7.3687,41.3531,19.8476,20.0091,15.2839,24.6521,12.4122,6.7257,4.7214,8.9332,15.9154,21.1694,10.0252,3.1543,1.5528,3.7128,6.6636,5.5713,6.5856,6.6927,2.4668,8.8057,4.9963,9.2451,7.2858,4.1960,2.1454,4.6171,8.8313,13.3990,16.5919,15.3132,10.1828,2.8882,10.5538,10.4413,0.3286,6.4586,13.9580,10.0447,5.2101,8.9659,11.8032,8.4733,7.0056,1.9571,4.5824,6.1226,4.0637,4.2329,3.6232,2.6452,6.5947,6.4880,7.2630,5.8791,3.2219,6.3818,10.8292,"nope"
34751.5117,14966.5967,78.4712,47.6118,6.3614,10.0754,20.5499,22.7605,20.1646,6.8655,9.9711,12.3588,25.0600,12.9554,5.0769,11.4336,16.1628,16.0657,4.3364,1.1802,2.5722,2.4461,4.2643,11.1560,13.1111,10.9201,4.2985,5.1683,4.1510,10.8441,5.9452,3.1843,6.1243,4.8685,3.3870,5.8078,10.9551,14.2939,8.9597,8.1013,5.4411,3.4793,0.6291,4.8387,0.7558,1.1334,2.1256,5.5877,5.0632,1.5857,5.7499,4.6442,1.0739,1.3344,1.5189,3.3463,3.5857,8.0801,5.6576,9.6168,8.3994,3.8802,4.8662,17.7117,"nope"
34589.4961,14870.7617,75.3602,20.3394,19.0569,7.5699,15.4066,2.4134,3.8989,10.3490,5.4535,4.1187,1.8220,6.4794,7.7441,9.5697,9.7344,7.3867,3.4139,7.4631,11.1535,12.6278,15.2335,9.1508,10.3830,10.3264,8.3372,1.8478,4.0568,4.2906,7.4811,7.8995,9.9333,8.2823,7.6337,9.6055,7.1192,0.9467,0.7557,7.2844,9.0327,1.4091,3.6430,2.3541,5.6971,2.0944,7.5559,3.4917,4.1836,4.1544,9.1285,9.0379,1.3962,5.0402,3.4138,2.5173,10.2684,4.0461,3.8890,4.0927,4.9329,2.3887,4.8652,6.6118,"nope"
34672.1211,14921.4502,83.2877,23.1527,11.3788,16.1139,15.2796,4.4372,8.7111,19.3324,10.6771,4.1472,6.6743,6.6048,6.8915,3.3531,1.0768,7.5024,5.3873,9.4980,7.9917,16.5605,19.8319,11.1274,5.6509,2.0148,5.6717,12.2241,8.4000,7.3442,11.0078,10.9314,6.8492,2.2063,2.7236,7.1110,9.2117,9.8487,6.9392,3.0888,9.7872,14.7262,9.1756,13.7319,17.9203,5.6775,7.2562,2.9725,7.7484,6.1891,4.0590,5.3191,6.4303,4.8178,5.8271,6.6686,2.5319,2.8731,6.7952,4.6235,4.0879,7.4384,3.6186,11.6573,"nope"
34665.4766,14913.1279,71.3136,29.4079,2.2249,29.0746,9.7526,16.2566,7.0387,16.3211,14.1664,15.9055,6.1663,4.0486,12.5826,23.1422,13.6468,1.6954,1.1279,2.8692,1.6349,12.9676,12.8187,5.0882,8.4347,1.1834,3.8639,11.5804,11.5050,3.4806,13.1635,11.8969,14.5547,12.1059,14.5446,17.3599,10.6576,2.8757,8.4746,11.0421,3.2485,3.1205,4.4240,4.6493,7.2621,8.2949,13.2751,10.2119,4.8475,7.8135,6.5261,6.7237,3.1258,9.2782,8.1485,9.1265,4.8576,2.4751,8.7161,6.7341,5.9216,5.1108,0.9233,7.2674,"nope"
34646.0508,14905.1943,13.7650,96.7546,99.9461,293.3569,134.1087,146.8786,86.0605,162.4922,325.0929,238.7407,408.6086,350.6500,611.8347,548.0966,368.8365,282.9452,120.8339,156.6921,185.0249,91.7813,83.6721,84.8752,54.1784,45.7319,42.8973,51.8600,87.1189,76.6732,18.2121,26.3320,74.1019,55.0550,93.3025,124.4783,75.7214,90.5589,26.9127,19.7898,40.4993,35.3013,74.2804,46.1739,43.5876,36.0245,9.5640,16.5177,7.2675,20.8539,14.6283,10.4645,20.2760,23.4628,15.8131,5.9767,13.9110,17.6565,11.5696,25.2860,14.0634,13.8394,16.0791,3.9772,"nope"
34396.7852,14797.4863,83.2734,64.4333,28.8161,45.5116,47.9227,42.2054,29.8046,32.0772,49.2323,22.0432,65.4592,59.7438,48.9848,17.3610,11.1011,40.5131,28.7693,21.5130,35.9679,7.1249,18.8993,13.3758,14.7724,19.9873,4.9389,4.2698,6.7139,15.6739,8.5822,7.8749,7.1267,4.1664,17.2677,6.0565,8.7723,23.1552,17.4951,10.9933,20.4429,23.4097,11.0339,12.2221,21.7351,21.7446,10.3936,8.2239,7.4203,14.1818,13.9986,13.4836,7.0898,8.3838,5.4031,9.9725,1.6962,3.3451,2.1393,2.4166,7.0494,6.4038,4.7032,2.4910,"nope"
34884.1289,15147.8545,239.8426,196.7429,104.8706,231.9246,117.7535,111.4774,162.9492,199.9880,275.2490,123.8793,42.5402,12.9244,18.5247,64.3467,23.1481,35.8435,19.3028,3.3861,9.3112,5.1195,33.2306,18.4127,8.0234,2.9415,10.2892,5.9866,11.3205,6.2030,8.7163,5.6457,5.3756,8.1646,9.1128,5.3054,4.9376,5.1575,7.8771,9.3614,10.2340,8.5400,15.4305,16.2647,14.4615,6.3426,12.2233,1.7435,12.0250,8.4114,5.2931,8.8069,5.8667,3.8771,8.9826,6.5934,9.1907,14.6735,6.7211,13.2567,14.5832,11.2224,11.5542,12.8928,"nope"
34379.7969,14664.9570,210.7579,728.3109,461.4165,249.8260,310.5365,255.1022,247.2704,641.9162,547.2898,45.1997,127.8570,35.7127,70.5488,32.4614,29.2016,15.5854,24.1563,28.7242,15.8292,20.7566,26.9905,4.8328,14.3019,8.0473,20.8809,29.0080,34.4548,23.4771,4.9518,11.2485,12.7884,7.2329,9.8535,3.8558,16.0675,27.0281,40.8668,37.6438,47.7198,97.3679,70.1760,58.6889,46.6153,35.9031,33.7959,21.1113,16.5291,8.2102,11.5586,31.0925,46.0071,58.2637,42.6249,14.5136,11.2687,8.2474,20.9024,19.6370,15.2187,9.8821,10.5052,10.3784,"nope"
34645.7891,14926.9014,220.0630,298.5791,142.4339,421.0695,792.4969,314.7706,104.7898,340.4378,231.8364,94.4632,209.5751,130.2438,108.6950,242.7125,68.6542,48.8126,96.6421,62.4734,26.2333,23.8292,26.2312,24.8992,36.2914,36.9343,51.0622,32.1379,33.1872,27.8762,13.4047,36.7042,47.4078,21.8319,19.7158,51.6765,13.8348,20.8290,15.7552,11.1618,8.2806,11.3760,11.2127,9.3725,2.4743,18.1996,20.7452,14.0298,6.6785,7.3793,5.8821,5.2065,3.9103,4.9117,18.2720,23.0095,9.5020,7.1592,16.2041,12.4673,7.1170,2.7538,6.1066,11.1310,"nope"
34525.1758,14628.0459,133.0581,160.0072,91.1164,143.7074,114.2327,76.0238,75.5899,29.9609,15.1081,50.0948,28.6978,31.2998,44.4881,24.2619,5.1432,41.8764,67.5157,15.2147,52.6319,56.6978,33.4230,19.2506,28.6310,38.6964,43.7928,36.2728,15.2880,34.5073,27.8024,46.0892,38.2970,22.6396,14.0143,4.5226,22.8425,10.4308,22.7578,25.1613,22.0732,10.3013,17.7024,17.5532,7.6595,10.1637,20.4301,20.7815,4.0896,11.6505,4.6499,13.2012,3.6517,7.2176,1.2216,2.1920,16.8682,18.0927,9.3398,13.5809,8.8280,13.8448,24.0815,14.2899,"nope"
34577.6211,14895.6582,170.9320,56.7494,80.3297,157.0037,100.5091,65.9683,94.6631,31.1591,129.3091,41.3987,165.3586,163.1657,58.9976,122.7583,147.5982,326.1851,392.2452,143.2723,137.8412,65.3288,123.4235,98.8375,108.5871,79.2165,87.3574,154.9727,92.3389,109.0011,72.1064,35.0608,41.0001,31.9890,18.2468,12.2876,23.1171,6.9852,23.8455,16.4791,17.4731,18.4897,20.7436,4.1181,6.1385,9.8965,6.8927,1.9155,8.1205,6.7332,8.7827,18.4753,14.3040,7.9451,6.3944,3.8652,16.3554,12.0353,16.6475,19.6225,13.2378,23.6252,15.4179,20.4305,"nope"
34625.5664,14747.9756,158.5238,948.3171,742.4236,130.1851,110.5280,359.5856,199.5179,64.0695,292.1786,103.5122,213.1551,50.1250,162.3318,130.9972,186.0567,127.1207,63.6549,79.7243,118.3270,73.3376,46.2135,44.1500,31.4198,42.3426,31.6726,41.1343,29.4497,92.0116,19.4975,57.0748,57.8488,45.7108,17.4813,14.9429,13.1993,8.3714,16.3829,14.3983,13.3405,8.2519,5.6401,7.8421,3.0428,2.7194,2.6367,2.2372,5.0332,3.0903,5.5670,0.3671,10.1508,9.4025,5.3728,14.6631,15.7052,10.1958,27.5228,25.2708,6.9860,22.9248,49.3621,15.1193,"nope"
34345.0273,14703.5156,112.1882,263.3108,180.4221,101.1840,13.0157,105.1082,126.8033,36.5262,14.3105,43.4588,155.8250,109.3379,26.9612,39.5121,37.9273,35.5128,30.0319,39.3273,41.3329,85.3629,37.2809,56.3501,58.2020,78.7491,63.7675,34.7537,6.9702,29.3363,9.1873,22.5117,17.0503,9.5330,7.7600,10.4651,17.5281,19.7590,16.2409,8.4069,2.6501,7.4870,18.5483,14.5215,7.7550,6.4161,15.0995,16.1125,15.3431,9.5630,0.8159,8.1733,4.4300,7.6104,8.7061,9.6527,17.3170,8.2185,7.7973,5.9375,1.2170,14.3442,18.6102,16.8844,"nope"
34984.5273,15077.2920,108.3189,48.1067,70.6490,8.6858,18.6085,18.6667,26.5915,26.9600,14.8918,9.5899,16.9361,47.1707,26.4003,9.1793,3.3085,31.6646,47.5451,20.8389,3.8999,5.5083,7.3387,1.6388,10.4687,36.6128,39.1715,22.6681,13.7831,22.4807,21.2704,13.5182,30.4234,25.3819,14.3095,1.3777,3.1555,6.5103,4.5396,2.7951,5.6810,6.8498,2.8369,5.2027,3.3887,7.3084,8.0717,3.5140,2.2506,1.2927,3.5101,2.0497,3.1271,4.1020,2.7977,5.8439,5.6942,5.2665,8.9106,7.7930,4.6343,2.0756,2.6297,2.4223,"nope"
34771.7422,14984.9209,112.0109,18.7468,24.2493,12.2128,14.8610,6.0154,15.9802,19.0072,7.5539,4.9969,4.2662,6.6064,5.5461,11.8396,7.3623,8.8919,10.9224,10.0620,5.7086,1.1814,2.7005,3.7065,3.9102,7.1461,2.3804,8.5958,7.0746,1.8873,1.9424,4.4543,7.0491,4.3622,0.9601,3.7772,4.9833,7.2456,2.7967,4.0821,6.9088,5.7591,1.5943,3.9918,7.7694,8.0005,2.2700,1.7991,1.7546,1.5851,1.8300,4.5054,7.6761,10.6350,9.1812,8.9372,10.1230,3.5595,5.5806,2.0973,8.1684,17.3181,11.6575,5.9503,"nope"
34515.9180,14838.1074,80.8673,30.0481,13.1303,25.6131,29.0706,31.2583,15.4788,11.5798,14.9258,13.9533,11.2407,9.2556,10.5892,5.1493,7.8942,14.7641,8.3427,18.2536,15.2332,5.5039,12.4162,9.6602,3.9084,7.4204,1.8124,1.6849,7.3017,1.9114,6.1194,7.0554,6.9929,8.9387,2.0579,3.0131,4.0679,9.6483,9.7547,6.1529,2.6558,5.5880,8.4808,7.5529,4.6114,6.5273,7.2583,4.9635,4.6966,9.8946,9.1660,6.5741,2.4638,4.0031,3.5861,5.3195,0.8888,1.7409,7.6467,4.3153,4.6403,4.3589,1.9429,4.2509,"nope"
34648.3789,14900.5596,57.8566,38.8865,28.9037,16.2884,15.2626,18.4925,27.5903,29.6789,3.7859,5.9450,13.1790,6.6131,8.1786,9.5764,5.1809,15.5433,10.5640,8.2231,9.3966,12.0705,12.0245,6.9718,5.3635,12.6105,11.5035,10.0937,10.5612,9.7108,8.5780,12.0394,2.2122,2.9554,6.2818,12.4218,8.9637,11.7919,8.9994,3.5879,5.1691,2.6623,3.4091,6.7887,10.6129,8.9259,5.3450,6.7909,5.3505,12.8088,10.9716,6.6685,5.8316,7.9180,5.2876,4.8243,4.3165,7.0515,5.9857,0.7972,6.2516,12.0318,8.0716,6.2913,"nope"
34778.0508,14967.3682,78.1275,28.9970,25.9813,14.3431,12.9456,15.6508,14.6600,15.9492,8.4115,12.4601,9.8163,2.0252,4.5008,10.0453,13.7961,15.0742,7.8065,3.9070,4.1320,14.3986,7.8789,3.7507,3.7342,5.0714,9.3839,0.9367,9.0836,10.7249,9.6986,4.1684,1.6662,3.9344,8.2900,6.8189,9.0616,14.8591,13.7270,10.7491,8.6722,10.5010,15.8275,11.9765,10.9028,6.4964,0.5493,3.1890,3.4147,2.4003,4.7853,6.4510,2.3339,5.6380,6.5756,2.3927,6.9402,11.7600,13.0923,11.2559,7.8813,2.2291,2.7262,6.2556,"nope"
34631.2031,14873.5684,33.9853,69.2120,214.9560,497.5410,209.5365,30.6068,141.2294,551.3831,805.2165,264.8423,81.3054,22.5351,36.7254,39.1221,29.5891,29.5707,6.4978,8.3164,37.6473,23.5497,13.2538,10.7102,14.2323,21.1616,31.5742,14.3479,16.5074,7.2501,17.5074,22.2442,6.9722,12.5681,37.1577,32.4676,13.7342,26.2442,14.7652,9.2886,24.2675,27.0361,18.5319,11.3481,26.5280,18.6090,14.1709,18.5200,4.0804,15.0985,19.5325,5.7398,7.9340,3.1632,5.8053,4.2796,7.5541,6.0130,13.0833,18.0800,13.9085,7.1908,11.9241,11.2294,"nope"
34714.8320,14961.2734,105.6385,26.3416,20.2326,17.7269,12.1092,18.6246,18.1012,18.9104,16.5469,15.3691,17.5411,18.7375,21.6762,4.5391,21.6685,15.5371,12.1605,9.1379,3.0025,10.7778,3.2337,7.6154,17.5038,18.2241,18.4874,12.2096,6.8603,5.6581,3.4498,3.3000,5.9048,5.2457,6.2288,13.0879,11.8920,9.7237,5.9637,5.8267,10.0764,11.4760,11.7642,10.6615,8.7543,8.6140,11.5697,11.0686,7.2073,11.1465,14.2444,7.5931,9.6600,1.1651,5.7025,12.8050,13.3733,3.6078,2.8123,5.5114,5.0721,2.3409,6.3501,11.9989,"nope"
34820.2070,15006.9414,95.3211,34.3509,25.9117,16.2722,11.5261,20.8255,25.1102,16.0518,4.7553,9.2046,2.6621,6.2721,2.8370,6.1118,11.9235,3.8496,3.6129,2.4117,4.0213,6.2664,6.1232,5.3845,4.1265,9.7495,3.2199,2.5327,3.6639,8.6591,6.3050,4.7324,3.1347,0.5218,4.4292,8.0317,7.8059,5.9916,5.2856,5.0291,7.7877,9.0840,16.2743,20.4636,15.6514,3.7414,4.4604,5.0844,6.0764,1.7477,6.1002,4.4126,9.3203,9.0909,5.7545,8.6470,2.9014,0.7998,9.2451,10.3740,6.1688,3.6854,10.8064,8.0647,"nope"
34741.6523,14969.8066,61.2249,165.6882,65.9705,11.9388,30.9514,14.2006,26.0388,26.9380,35.3784,18.9598,23.5258,63.5597,69.4923,51.0541,85.5515,53.1217,34.4513,40.2812,82.6075,79.8991,40.6026,57.6399,34.9691,58.9076,15.8626,7.9264,27.2299,40.3571,53.1106,48.0014,8.6096,56.7298,70.8138,63.6585,8.7379,14.1977,14.5710,13.8054,14.2337,20.9076,6.9777,91.2832,122.6803,26.3463,80.1260,62.1401,34.9127,8.6989,19.8871,12.0431,19.9976,16.5770,10.5515,13.0474,16.3829,25.1236,35.7643,24.9641,33.2301,41.0712,25.7024,3.2306,"nope"
34641.1758,14877.9727,49.7119,13.0811,51.6935,168.7244,81.3958,69.1785,58.4279,56.5209,38.4483,102.7837,115.7200,111.9381,126.5149,107.9274,4.6160,50.6496,20.4598,32.6509,37.8235,35.5242,19.5995,10.4871,9.3934,23.8785,26.3223,26.1954,4.8270,0.9787,21.5325,18.8887,37.6314,62.5248,51.8388,30.1097,20.2608,16.6142,37.1538,32.2575,23.1187,48.1393,50.1699,24.2929,9.4425,18.2649,11.2078,9.2328,9.7398,17.2751,23.3080,32.1839,25.4466,4.2505,8.5105,13.5341,13.2690,26.3480,34.3172,29.7075,16.9325,18.7842,30.0426,26.4717,"nope"
34717.1094,14937.7227,70.8933,200.1701,159.1895,344.0354,308.9680,173.9726,101.3162,147.5083,172.9695,108.9859,41.3770,19.6796,11.5415,32.2523,20.8856,12.5908,8.2513,5.8746,9.7078,17.6824,13.2813,2.5111,6.2495,1.0100,0.1681,5.5475,9.6508,8.7957,12.1858,10.1649,7.1117,7.0802,6.9049,9.0278,4.7006,6.1832,8.7222,16.9281,10.0115,9.9476,6.1183,4.1795,4.6160,7.3792,4.3970,7.7893,10.5984,3.8545,17.0901,17.4893,12.3829,6.7610,2.4848,5.9956,8.3895,13.5022,1.7209,13.0424,12.4656,13.3547,11.8938,2.2042,"nope"
34718.9531,14933.8213,292.3730,710.6061,445.7413,101.9935,102.1202,38.4201,71.0938,160.1190,207.2601,118.6307,71.3436,135.8623,112.5800,62.9271,21.0616,64.2790,84.1444,24.9911,71.2681,104.3741,151.1639,56.2024,102.3989,135.0482,78.4135,25.3997,19.5761,10.7684,10.6939,21.0858,66.4759,188.5361,251.0896,274.9283,183.1323,67.7470,44.7210,22.9766,49.0345,39.5824,15.7987,61.0133,72.2849,37.8637,12.0980,19.0667,40.4950,44.1287,9.4907,95.5378,154.1922,100.8994,43.1730,157.8342,127.4722,66.3988,64.6392,49.3985,66.8250,94.5197,108.2652,95.1942,"nope"
34694.6367,14935.9453,63.8859,330.4772,196.4912,131.0057,357.8818,415.3309,253.3214,111.6786,235.7445,103.8232,334.7259,123.7419,49.2910,97.0921,143.3727,44.7311,86.3681,90.9788,92.5168,62.9542,55.0007,16.4530,24.4701,3.6741,29.7942,25.0833,5.4876,12.0482,12.2254,28.8183,20.7664,24.4294,33.0602,42.6567,43.7964,70.1207,70.7027,41.1724,40.3092,3.6339,19.1478,23.9031,25.1164,22.1310,5.7359,12.9300,9.7031,6.6613,6.5279,13.0149,22.2137,9.0523,17.2093,19.7563,18.0430,4.5163,5.3409,12.0490,31.1211,34.1206,40.8654,34.0297,"nope"
34723.1719,14953.1553,130.6373,70.7340,3.1063,82.1340,43.6773,13.5066,53.8293,12.0298,13.9226,50.9126,84.9103,69.2757,10.0341,57.1773,54.3650,29.1291,35.1938,31.0920,9.8855,15.5111,13.4578,20.4586,16.3437,12.1032,11.3676,12.5687,14.2180,24.2803,24.2220,35.8939,13.7094,26.5587,19.3114,25.8165,6.3407,14.8399,36.3892,39.9808,20.9274,7.8492,21.2088,14.3742,33.7103,47.5878,12.9829,36.9012,10.8211,16.0797,34.1111,47.1466,53.0000,20.3877,12.8350,31.7654,28.8663,22.9795,26.5328,4.5072,23.1208,39.9690,12.6224,12.5722,"nope"
34815.7930,15010.8242,91.9780,60.6389,51.9300,17.9415,10.9037,7.1354,18.6168,30.9801,17.3243,17.6498,9.0131,9.8787,21.0405,14.0776,12.5052,27.7330,20.5888,8.5131,5.2712,12.8597,22.1610,19.0018,1.0576,14.2667,10.0318,12.7213,16.0659,8.6809,15.3100,7.8134,21.0159,10.1419,9.0224,12.5884,18.7786,21.7111,7.6766,10.6067,12.7885,10.6666,12.3376,4.6339,32.2793,33.3307,10.6194,10.0769,1.1934,8.5078,6.2498,7.0906,5.5084,9.1197,4.7837,5.6784,8.6622,3.5799,15.1030,11.6910,16.1117,16.9427,11.0350,14.0252,"nope"
